timestamp,equity,price
2025-11-09 22:32:29.604183,10000.0,50000.0
2025-11-09 22:33:29.604183,10000.0,49986.208316234515
2025-11-09 22:34:29.604183,10000.0,50051.02877814844
2025-11-09 22:35:29.604183,10000.0,50203.59154593328
2025-11-09 22:36:29.604183,10000.0,50180.22041649747
2025-11-09 22:37:29.604183,10000.0,50156.89668624111
2025-11-09 22:38:29.604183,10000.0,50315.52264660739
2025-11-09 22:39:29.604183,10000.0,50392.99516491431
2025-11-09 22:40:29.604183,10000.0,50345.95887963015
2025-11-09 22:41:29.604183,10000.0,50400.905171828665
2025-11-09 22:42:29.604183,9998.500249875062,50354.54207896263
2025-11-09 22:43:29.604183,9998.500249875062,50308.02378207306
2025-11-09 22:44:29.604183,9998.500249875062,50332.788594365906
2025-11-09 22:45:29.604183,9998.500249875062,50140.641843214136
2025-11-09 22:46:29.604183,9997.000499750126,49968.15268594045
2025-11-09 22:47:29.604183,9997.000499750126,49912.48061101252
2025-11-09 22:48:29.604183,9997.000499750126,49811.92975221338
2025-11-09 22:49:29.604183,9997.000499750126,49843.824750486565
2025-11-09 22:50:29.604183,9997.000499750126,49753.9294454897
2025-11-09 22:51:29.604183,9997.000499750126,49614.051059726524
2025-11-09 22:52:29.604183,9995.500749625187,49760.17416834595
2025-11-09 22:53:29.604183,9995.500749625187,49738.431005769125
2025-11-09 22:54:29.604183,9995.500749625187,49745.90892043465
2025-11-09 22:55:29.604183,9995.500749625187,49604.95323829088
2025-11-09 22:56:29.604183,9995.500749625187,49551.77240285429
2025-11-09 22:57:29.604183,9995.500749625187,49563.626096347536
2025-11-09 22:58:29.604183,9995.500749625187,49450.42678642011
2025-11-09 22:59:29.604183,9995.500749625187,49488.51148095558
2025-11-09 23:00:29.604183,9995.500749625187,49430.024996875836
2025-11-09 23:01:29.604183,9995.500749625187,49402.184295745676
2025-11-09 23:02:29.604183,9995.500749625187,49343.762981247215
2025-11-09 23:03:29.604183,9994.000999500251,49527.62273242916
2025-11-09 23:04:29.604183,9994.000999500251,49527.38714020446
2025-11-09 23:05:29.604183,9994.000999500251,49423.75161424878
2025-11-09 23:06:29.604183,9994.000999500251,49506.225885739266
2025-11-09 23:07:29.604183,9994.000999500251,49386.55127523885
2025-11-09 23:08:29.604183,9994.000999500251,49408.41690231044
2025-11-09 23:09:29.604183,9994.000999500251,49216.03890941535
2025-11-09 23:10:29.604183,9994.000999500251,49086.60245601569
2025-11-09 23:11:29.604183,9994.000999500251,49107.25930713644
2025-11-09 23:12:29.604183,9992.501249375313,49181.15248528312
2025-11-09 23:13:29.604183,9992.501249375313,49199.409934226554
2025-11-09 23:14:29.604183,9992.501249375313,49189.46625971782
2025-11-09 23:15:29.604183,9992.501249375313,49161.313872430605
2025-11-09 23:16:29.604183,9992.501249375313,49017.444900301845
2025-11-09 23:17:29.604183,9992.501249375313,48948.40791229726
2025-11-09 23:18:29.604183,9992.501249375313,48904.87755968069
2025-11-09 23:19:29.604183,9992.501249375313,49009.87173586632
2025-11-09 23:20:29.604183,9992.501249375313,49045.18791012937
2025-11-09 23:21:29.604183,9992.501249375313,48873.920697221765
2025-11-09 23:22:29.604183,9992.501249375313,48907.29739609489
2025-11-09 23:23:29.604183,9992.501249375313,48871.36406603012
2025-11-09 23:24:29.604183,9992.501249375313,48806.96588865225
2025-11-09 23:25:29.604183,9991.001499250377,48868.4716320198
2025-11-09 23:26:29.604183,9991.001499250377,48971.07221504226
2025-11-09 23:27:29.604183,9991.001499250377,49064.15550967814
2025-11-09 23:28:29.604183,9991.001499250377,48983.71388799437
2025-11-09 23:29:29.604183,9991.001499250377,48955.361432991354
2025-11-09 23:30:29.604183,9991.001499250377,48989.76885845425
2025-11-09 23:31:29.604183,9991.001499250377,49087.36093359919
2025-11-09 23:32:29.604183,9989.501749125438,49042.36486411729
2025-11-09 23:33:29.604183,9989.501749125438,49026.23348634007
2025-11-09 23:34:29.604183,9989.501749125438,48919.866931448094
2025-11-09 23:35:29.604183,9989.501749125438,48804.97212519479
2025-11-09 23:36:29.604183,9988.001999000502,48886.45334266601
2025-11-09 23:37:29.604183,9988.001999000502,49021.2650860897
2025-11-09 23:38:29.604183,9988.001999000502,49016.45340092267
2025-11-09 23:39:29.604183,9988.001999000502,49117.11485949471
2025-11-09 23:40:29.604183,9988.001999000502,49154.96092699389
2025-11-09 23:41:29.604183,9988.001999000502,49093.89623300069
2025-11-09 23:42:29.604183,9986.502248875564,49131.76903700664
2025-11-09 23:43:29.604183,9986.502248875564,49285.3261043219
2025-11-09 23:44:29.604183,9986.502248875564,49284.26068707127
2025-11-09 23:45:29.604183,9986.502248875564,49440.98547314993
2025-11-09 23:46:29.604183,9986.502248875564,49184.48239680279
2025-11-09 23:47:29.604183,9986.502248875564,49267.89556729983
2025-11-09 23:48:29.604183,9986.502248875564,49279.07487606249
2025-11-09 23:49:29.604183,9986.502248875564,49252.24215765654
2025-11-09 23:50:29.604183,9986.502248875564,49263.95068936012
2025-11-09 23:51:29.604183,9986.502248875564,49070.824248593424
2025-11-09 23:52:29.604183,9986.502248875564,49051.99333877539
2025-11-09 23:53:29.604183,9986.502248875564,49089.78859778371
2025-11-09 23:54:29.604183,9986.502248875564,49237.68494356846
2025-11-09 23:55:29.604183,9986.502248875564,49189.48806978079
2025-11-09 23:56:29.604183,9986.502248875564,49112.8206777313
2025-11-09 23:57:29.604183,9986.502248875564,49066.43630559342
2025-11-09 23:58:29.604183,9986.502248875564,49159.19973799461
2025-11-09 23:59:29.604183,9986.502248875564,49194.49411986407
2025-11-10 00:00:29.604183,9986.502248875564,49145.3799687821
2025-11-10 00:01:29.604183,9986.502248875564,49198.86898315731
2025-11-10 00:02:29.604183,9986.502248875564,49211.498260583416
2025-11-10 00:03:29.604183,9986.502248875564,49309.947257558655
2025-11-10 00:04:29.604183,9986.502248875564,49243.86340250667
2025-11-10 00:05:29.604183,9986.502248875564,49214.77524547222
2025-11-10 00:06:29.604183,9986.502248875564,49179.395079921684
2025-11-10 00:07:29.604183,9986.502248875564,49038.69224889621
2025-11-10 00:08:29.604183,9986.502248875564,49071.00646920492
2025-11-10 00:09:29.604183,9986.502248875564,49099.934733689624
2025-11-10 00:10:29.604183,9986.502248875564,49103.78071991538
2025-11-10 00:11:29.604183,9986.502248875564,49084.12072051963
2025-11-10 00:12:29.604183,9986.502248875564,48948.58725202175
2025-11-10 00:13:29.604183,9986.502248875564,48910.84284880038
2025-11-10 00:14:29.604183,9986.502248875564,48880.784862703054
2025-11-10 00:15:29.604183,9986.502248875564,48805.85174112316
2025-11-10 00:16:29.604183,9985.002498750628,48793.6356846557
2025-11-10 00:17:29.604183,9985.002498750628,48836.62624699488
2025-11-10 00:18:29.604183,9985.002498750628,49024.4535753013
2025-11-10 00:19:29.604183,9985.002498750628,49045.21605979365
2025-11-10 00:20:29.604183,9985.002498750628,49074.16023633019
2025-11-10 00:21:29.604183,9985.002498750628,49070.57071743201
2025-11-10 00:22:29.604183,9983.50274862569,48886.01137148117
2025-11-10 00:23:29.604183,9983.50274862569,48887.18997164888
2025-11-10 00:24:29.604183,9983.50274862569,48896.88392242428
2025-11-10 00:25:29.604183,9983.50274862569,49141.61336332723
2025-11-10 00:26:29.604183,9983.50274862569,49126.60058826554
2025-11-10 00:27:29.604183,9983.50274862569,49160.15461127482
2025-11-10 00:28:29.604183,9983.50274862569,49160.704614906565
2025-11-10 00:29:29.604183,9983.50274862569,49049.79562631393
2025-11-10 00:30:29.604183,9983.50274862569,49165.92822870544
2025-11-10 00:31:29.604183,9983.50274862569,49243.933040922006
2025-11-10 00:32:29.604183,9983.50274862569,49325.94660222061
2025-11-10 00:33:29.604183,9983.50274862569,49240.38143812711
2025-11-10 00:34:29.604183,9983.50274862569,49382.70434563008
2025-11-10 00:35:29.604183,9983.50274862569,49248.4709897612
2025-11-10 00:36:29.604183,9983.50274862569,49310.518406511714
2025-11-10 00:37:29.604183,9983.50274862569,49530.82681295142
2025-11-10 00:38:29.604183,9983.50274862569,49437.03960573075
2025-11-10 00:39:29.604183,9983.50274862569,49385.4105413318
2025-11-10 00:40:29.604183,9983.50274862569,49399.64605335446
2025-11-10 00:41:29.604183,9983.50274862569,49354.331475413404
2025-11-10 00:42:29.604183,9983.50274862569,49205.726257131886
2025-11-10 00:43:29.604183,9983.50274862569,49216.953104074506
2025-11-10 00:44:29.604183,9983.50274862569,49116.90108918842
2025-11-10 00:45:29.604183,9983.50274862569,49167.96351842216
2025-11-10 00:46:29.604183,9983.50274862569,49082.12961570528
2025-11-10 00:47:29.604183,9983.50274862569,49238.88242575433
2025-11-10 00:48:29.604183,9983.50274862569,49166.40296275445
2025-11-10 00:49:29.604183,9983.50274862569,49139.414637750226
2025-11-10 00:50:29.604183,9983.50274862569,49224.07862391771
2025-11-10 00:51:29.604183,9983.50274862569,49107.657093004884
2025-11-10 00:52:29.604183,9983.50274862569,49134.7748153262
2025-11-10 00:53:29.604183,9983.50274862569,49268.04160183257
2025-11-10 00:54:29.604183,9983.50274862569,49114.50825262502
2025-11-10 00:55:29.604183,9983.50274862569,49137.525387887945
2025-11-10 00:56:29.604183,9983.50274862569,49167.98254992672
2025-11-10 00:57:29.604183,9983.50274862569,49249.818239791304
2025-11-10 00:58:29.604183,9983.50274862569,49132.97589881373
2025-11-10 00:59:29.604183,9983.50274862569,49008.23911639417
2025-11-10 01:00:29.604183,9983.50274862569,49064.43844872665
2025-11-10 01:01:29.604183,9983.50274862569,49098.66155565522
2025-11-10 01:02:29.604183,9983.50274862569,49128.37728109509
2025-11-10 01:03:29.604183,9983.50274862569,49167.57339403811
2025-11-10 01:04:29.604183,9983.50274862569,49105.89658035622
2025-11-10 01:05:29.604183,9983.50274862569,49133.92775971711
2025-11-10 01:06:29.604183,9983.50274862569,49167.985615351594
2025-11-10 01:07:29.604183,9983.50274862569,49103.03524002351
2025-11-10 01:08:29.604183,9983.50274862569,49291.588815310424
2025-11-10 01:09:29.604183,9983.50274862569,49343.67865735535
2025-11-10 01:10:29.604183,9983.50274862569,49231.52992393466
2025-11-10 01:11:29.604183,9983.50274862569,49301.61596023445
2025-11-10 01:12:29.604183,9983.50274862569,49210.99096156594
2025-11-10 01:13:29.604183,9983.50274862569,49293.96327392311
2025-11-10 01:14:29.604183,9983.50274862569,49413.73623440037
2025-11-10 01:15:29.604183,9983.50274862569,49338.22752257617
2025-11-10 01:16:29.604183,9983.50274862569,49438.91304464516
2025-11-10 01:17:29.604183,9983.50274862569,49485.39673747989
2025-11-10 01:18:29.604183,9983.50274862569,49572.465214624564
2025-11-10 01:19:29.604183,9982.002998500753,49766.275647036084
2025-11-10 01:20:29.604183,9982.002998500753,49747.66164207709
2025-11-10 01:21:29.604183,9982.002998500753,49678.51091686924
2025-11-10 01:22:29.604183,9980.503248375815,49596.000312093856
2025-11-10 01:23:29.604183,9980.503248375815,49520.97207562556
2025-11-10 01:24:29.604183,9980.503248375815,49519.254887922594
2025-11-10 01:25:29.604183,9980.503248375815,49558.9953936281
2025-11-10 01:26:29.604183,9980.503248375815,49592.41296982326
2025-11-10 01:27:29.604183,9980.503248375815,49680.48804036693
2025-11-10 01:28:29.604183,9980.503248375815,49687.856200322596
2025-11-10 01:29:29.604183,9980.503248375815,49838.41389463966
2025-11-10 01:30:29.604183,9980.503248375815,49818.19860392206
2025-11-10 01:31:29.604183,9980.503248375815,50095.423441791085
2025-11-10 01:32:29.604183,9980.503248375815,50164.37586274429
2025-11-10 01:33:29.604183,9980.503248375815,50084.68808021329
2025-11-10 01:34:29.604183,9980.503248375815,49983.75199381545
2025-11-10 01:35:29.604183,9980.503248375815,50038.34007297335
2025-11-10 01:36:29.604183,9980.503248375815,50022.37489039604
2025-11-10 01:37:29.604183,9980.503248375815,50100.23784277246
2025-11-10 01:38:29.604183,9980.503248375815,50154.132255656295
2025-11-10 01:39:29.604183,9980.503248375815,50153.34451127231
2025-11-10 01:40:29.604183,9980.503248375815,50074.95778512508
2025-11-10 01:41:29.604183,9980.503248375815,49929.822868975745
2025-11-10 01:42:29.604183,9980.503248375815,49891.82658493869
2025-11-10 01:43:29.604183,9980.503248375815,49983.903380396085
2025-11-10 01:44:29.604183,9980.503248375815,50011.975014244126
2025-11-10 01:45:29.604183,9980.503248375815,49894.07895285877
2025-11-10 01:46:29.604183,9980.503248375815,49918.08687081528
2025-11-10 01:47:29.604183,9980.503248375815,49963.31992214068
2025-11-10 01:48:29.604183,9980.503248375815,49881.804307324186
2025-11-10 01:49:29.604183,9980.503248375815,49903.96932883544
2025-11-10 01:50:29.604183,9980.503248375815,49916.645585265534
2025-11-10 01:51:29.604183,9980.503248375815,49809.44209557594
2025-11-10 01:52:29.604183,9980.503248375815,49852.00725875034
2025-11-10 01:53:29.604183,9980.503248375815,49914.88307231133
2025-11-10 01:54:29.604183,9980.503248375815,50030.010639359134
2025-11-10 01:55:29.604183,9980.503248375815,50142.51183809734
2025-11-10 01:56:29.604183,9980.503248375815,50011.460691854016
2025-11-10 01:57:29.604183,9980.503248375815,49924.78132639033
2025-11-10 01:58:29.604183,9980.503248375815,49983.35435308142
2025-11-10 01:59:29.604183,9980.503248375815,50041.90594388705
2025-11-10 02:00:29.604183,9980.503248375815,50100.68717806346
2025-11-10 02:01:29.604183,9980.503248375815,50494.01277972406
2025-11-10 02:02:29.604183,9979.003498250879,50559.03471264791
2025-11-10 02:03:29.604183,9979.003498250879,50681.27436912173
2025-11-10 02:04:29.604183,9979.003498250879,50785.44101434326
2025-11-10 02:05:29.604183,9979.003498250879,50859.12063173521
2025-11-10 02:06:29.604183,9979.003498250879,50834.61548149179
2025-11-10 02:07:29.604183,9979.003498250879,50919.37446338992
2025-11-10 02:08:29.604183,9979.003498250879,50848.31412435932
2025-11-10 02:09:29.604183,9979.003498250879,50831.898353914214
2025-11-10 02:10:29.604183,9979.003498250879,50790.25518520104
2025-11-10 02:11:29.604183,9979.003498250879,50806.301721235985
2025-11-10 02:12:29.604183,9977.50374812594,51049.26767222514
2025-11-10 02:13:29.604183,9977.50374812594,50866.462720020616
2025-11-10 02:14:29.604183,9977.50374812594,50944.12533936046
2025-11-10 02:15:29.604183,9977.50374812594,50787.70328672049
2025-11-10 02:16:29.604183,9977.50374812594,50747.67241511669
2025-11-10 02:17:29.604183,9977.50374812594,50866.13066557532
2025-11-10 02:18:29.604183,9977.50374812594,50880.658721606
2025-11-10 02:19:29.604183,9977.50374812594,50779.012337493434
2025-11-10 02:20:29.604183,9977.50374812594,50714.41310324556
2025-11-10 02:21:29.604183,9977.50374812594,50791.414510216506
2025-11-10 02:22:29.604183,9977.50374812594,50725.33995674772
2025-11-10 02:23:29.604183,9977.50374812594,50755.44267253859
2025-11-10 02:24:29.604183,9977.50374812594,50768.251658720976
2025-11-10 02:25:29.604183,9977.50374812594,50710.31073156617
2025-11-10 02:26:29.604183,9977.50374812594,50935.99702547607
2025-11-10 02:27:29.604183,9977.50374812594,51008.893868644554
2025-11-10 02:28:29.604183,9977.50374812594,50810.65890248547
2025-11-10 02:29:29.604183,9977.50374812594,50837.97503466199
2025-11-10 02:30:29.604183,9977.50374812594,50779.09549370034
2025-11-10 02:31:29.604183,9977.50374812594,50874.10085723009
2025-11-10 02:32:29.604183,9977.50374812594,50801.94820638068
2025-11-10 02:33:29.604183,9977.50374812594,50798.79871582314
2025-11-10 02:34:29.604183,9977.50374812594,50858.647163047055
2025-11-10 02:35:29.604183,9977.50374812594,50955.297799795044
2025-11-10 02:36:29.604183,9977.50374812594,50841.61497024715
2025-11-10 02:37:29.604183,9977.50374812594,50816.257951261374
2025-11-10 02:38:29.604183,9977.50374812594,50776.675207843844
2025-11-10 02:39:29.604183,9977.50374812594,50719.043098156435
2025-11-10 02:40:29.604183,9977.50374812594,50906.86841401939
2025-11-10 02:41:29.604183,9977.50374812594,50956.909878552586
2025-11-10 02:42:29.604183,9977.50374812594,50837.26121203973
2025-11-10 02:43:29.604183,9977.50374812594,50939.451762115525
2025-11-10 02:44:29.604183,9977.50374812594,51164.575307493054
2025-11-10 02:45:29.604183,9977.50374812594,51279.22217920818
2025-11-10 02:46:29.604183,9977.50374812594,51132.449329792405
2025-11-10 02:47:29.604183,9977.50374812594,51091.99017833101
2025-11-10 02:48:29.604183,9977.50374812594,51230.53753482575
2025-11-10 02:49:29.604183,9977.50374812594,51167.17854234018
2025-11-10 02:50:29.604183,9977.50374812594,51221.77034171417
2025-11-10 02:51:29.604183,9977.50374812594,51310.34580363508
2025-11-10 02:52:29.604183,9977.50374812594,51224.49436362196
2025-11-10 02:53:29.604183,9977.50374812594,51227.68694270127
2025-11-10 02:54:29.604183,9977.50374812594,50904.928755684974
2025-11-10 02:55:29.604183,9977.50374812594,50809.93967640048
2025-11-10 02:56:29.604183,9977.50374812594,50793.59536028833
2025-11-10 02:57:29.604183,9977.50374812594,50676.19050046715
2025-11-10 02:58:29.604183,9977.50374812594,50851.00679664128
2025-11-10 02:59:29.604183,9977.50374812594,50714.99371516231
2025-11-10 03:00:29.604183,9977.50374812594,50679.805191393025
2025-11-10 03:01:29.604183,9977.50374812594,50702.53085359345
2025-11-10 03:02:29.604183,9977.50374812594,50858.19659142304
2025-11-10 03:03:29.604183,9977.50374812594,50721.72375365677
2025-11-10 03:04:29.604183,9977.50374812594,50849.30652266937
2025-11-10 03:05:29.604183,9977.50374812594,50859.994091032924
2025-11-10 03:06:29.604183,9977.50374812594,50769.83929447605
2025-11-10 03:07:29.604183,9977.50374812594,50826.463499514226
2025-11-10 03:08:29.604183,9977.50374812594,50856.44700885187
2025-11-10 03:09:29.604183,9977.50374812594,50805.186814225584
2025-11-10 03:10:29.604183,9977.50374812594,50822.09446972668
2025-11-10 03:11:29.604183,9977.50374812594,50792.783205284
2025-11-10 03:12:29.604183,9977.50374812594,50814.19816697055
2025-11-10 03:13:29.604183,9977.50374812594,50891.41216253137
2025-11-10 03:14:29.604183,9977.50374812594,51062.81459419355
2025-11-10 03:15:29.604183,9977.50374812594,50946.44414281048
2025-11-10 03:16:29.604183,9977.50374812594,51173.83982755963
2025-11-10 03:17:29.604183,9977.50374812594,50984.18336492389
2025-11-10 03:18:29.604183,9977.50374812594,50978.839148845094
2025-11-10 03:19:29.604183,9977.50374812594,51048.99003189188
2025-11-10 03:20:29.604183,9977.50374812594,51087.89562707298
2025-11-10 03:21:29.604183,9977.50374812594,51034.53099287881
2025-11-10 03:22:29.604183,9977.50374812594,51023.57307981047
2025-11-10 03:23:29.604183,9977.50374812594,50983.58192050323
2025-11-10 03:24:29.604183,9977.50374812594,50933.83158960494
2025-11-10 03:25:29.604183,9977.50374812594,51030.74939172008
2025-11-10 03:26:29.604183,9977.50374812594,51077.61294559786
2025-11-10 03:27:29.604183,9977.50374812594,51017.299697501745
2025-11-10 03:28:29.604183,9977.50374812594,51119.584187412554
2025-11-10 03:29:29.604183,9977.50374812594,51161.55297601118
2025-11-10 03:30:29.604183,9977.50374812594,51255.32250948792
2025-11-10 03:31:29.604183,9977.50374812594,51330.516162240776
2025-11-10 03:32:29.604183,9976.003998001004,51256.11196761215
2025-11-10 03:33:29.604183,9976.003998001004,51209.407959971635
2025-11-10 03:34:29.604183,9976.003998001004,51296.69210033213
2025-11-10 03:35:29.604183,9976.003998001004,51370.11323126048
2025-11-10 03:36:29.604183,9976.003998001004,51378.81813479119
2025-11-10 03:37:29.604183,9976.003998001004,51401.76430090626
2025-11-10 03:38:29.604183,9976.003998001004,51544.043226078975
2025-11-10 03:39:29.604183,9976.003998001004,51494.05580375026
2025-11-10 03:40:29.604183,9976.003998001004,51561.4219902134
2025-11-10 03:41:29.604183,9976.003998001004,51551.64321949136
2025-11-10 03:42:29.604183,9974.504247876066,51540.30520748256
2025-11-10 03:43:29.604183,9974.504247876066,51664.70680576829
2025-11-10 03:44:29.604183,9974.504247876066,51761.19839192948
2025-11-10 03:45:29.604183,9974.504247876066,51856.67354938475
2025-11-10 03:46:29.604183,9974.504247876066,52003.38461978308
2025-11-10 03:47:29.604183,9974.504247876066,52016.95280718801
2025-11-10 03:48:29.604183,9974.504247876066,52099.321802022474
2025-11-10 03:49:29.604183,9973.00449775113,52078.469483821835
2025-11-10 03:50:29.604183,9973.00449775113,52123.742312945265
2025-11-10 03:51:29.604183,9973.00449775113,52121.73010791289
2025-11-10 03:52:29.604183,9971.504747626192,52143.43195868784
2025-11-10 03:53:29.604183,9971.504747626192,52217.130736031526
2025-11-10 03:54:29.604183,9971.504747626192,52143.36490807758
2025-11-10 03:55:29.604183,9971.504747626192,52373.27730890083
2025-11-10 03:56:29.604183,9971.504747626192,52279.69263070901
2025-11-10 03:57:29.604183,9971.504747626192,52164.54525155671
2025-11-10 03:58:29.604183,9971.504747626192,52297.18758585197
2025-11-10 03:59:29.604183,9971.504747626192,52391.87512318286
2025-11-10 04:00:29.604183,9971.504747626192,52469.21473615995
2025-11-10 04:01:29.604183,9971.504747626192,52547.1484157743
2025-11-10 04:02:29.604183,9971.504747626192,52557.91177298823
2025-11-10 04:03:29.604183,9971.504747626192,52475.68555622446
2025-11-10 04:04:29.604183,9971.504747626192,52495.74831699702
2025-11-10 04:05:29.604183,9971.504747626192,52436.80017340568
2025-11-10 04:06:29.604183,9971.504747626192,52551.23536710065
2025-11-10 04:07:29.604183,9971.504747626192,52548.013229773955
2025-11-10 04:08:29.604183,9971.504747626192,52473.526478265994
2025-11-10 04:09:29.604183,9971.504747626192,52452.08677800302
2025-11-10 04:10:29.604183,9971.504747626192,52507.72523703036
2025-11-10 04:11:29.604183,9971.504747626192,52460.89523295154
2025-11-10 04:12:29.604183,9971.504747626192,52387.02160493783
2025-11-10 04:13:29.604183,9971.504747626192,52424.96785806297
2025-11-10 04:14:29.604183,9971.504747626192,52463.11216965036
2025-11-10 04:15:29.604183,9971.504747626192,52422.425642262526
2025-11-10 04:16:29.604183,9971.504747626192,52385.57153884025
2025-11-10 04:17:29.604183,9971.504747626192,52422.443107703715
2025-11-10 04:18:29.604183,9971.504747626192,52283.22357108958
2025-11-10 04:19:29.604183,9971.504747626192,52148.65764454044
2025-11-10 04:20:29.604183,9971.504747626192,52086.337191225
2025-11-10 04:21:29.604183,9971.504747626192,52076.73430569939
2025-11-10 04:22:29.604183,9971.504747626192,52121.78274272857
2025-11-10 04:23:29.604183,9971.504747626192,52288.29264851679
2025-11-10 04:24:29.604183,9971.504747626192,52390.77422817312
2025-11-10 04:25:29.604183,9971.504747626192,52386.86756248717
2025-11-10 04:26:29.604183,9971.504747626192,52397.76255120797
2025-11-10 04:27:29.604183,9971.504747626192,52305.62844069513
2025-11-10 04:28:29.604183,9971.504747626192,52316.63185814846
2025-11-10 04:29:29.604183,9971.504747626192,52299.40774095811
2025-11-10 04:30:29.604183,9971.504747626192,52346.174969562344
2025-11-10 04:31:29.604183,9971.504747626192,52272.62947930285
2025-11-10 04:32:29.604183,9971.504747626192,52340.00193390909
2025-11-10 04:33:29.604183,9971.504747626192,52513.57951533682
2025-11-10 04:34:29.604183,9971.504747626192,52515.36725029595
2025-11-10 04:35:29.604183,9971.504747626192,52570.80677597015
2025-11-10 04:36:29.604183,9971.504747626192,52656.66759525355
2025-11-10 04:37:29.604183,9970.004997501255,52627.77000695561
2025-11-10 04:38:29.604183,9970.004997501255,52664.74250251865
2025-11-10 04:39:29.604183,9970.004997501255,52679.50037584455
2025-11-10 04:40:29.604183,9970.004997501255,52703.263326452194
2025-11-10 04:41:29.604183,9970.004997501255,52635.29764643104
2025-11-10 04:42:29.604183,9968.505247376317,52651.41159281249
2025-11-10 04:43:29.604183,9968.505247376317,52717.42669672422
2025-11-10 04:44:29.604183,9968.505247376317,52884.05594280919
2025-11-10 04:45:29.604183,9968.505247376317,52999.22416577783
2025-11-10 04:46:29.604183,9968.505247376317,53241.23280724878
2025-11-10 04:47:29.604183,9967.00549725138,53173.398286242926
2025-11-10 04:48:29.604183,9967.00549725138,53280.06060513197
2025-11-10 04:49:29.604183,9967.00549725138,53313.55626090134
2025-11-10 04:50:29.604183,9967.00549725138,53561.05315855136
2025-11-10 04:51:29.604183,9967.00549725138,53488.573311688204
2025-11-10 04:52:29.604183,9965.505747126443,53412.86711415684
2025-11-10 04:53:29.604183,9965.505747126443,53362.97852995632
2025-11-10 04:54:29.604183,9965.505747126443,53150.4695758396
2025-11-10 04:55:29.604183,9964.005997001506,53108.727695646165
2025-11-10 04:56:29.604183,9964.005997001506,53042.26672520116
2025-11-10 04:57:29.604183,9964.005997001506,53072.41247430641
2025-11-10 04:58:29.604183,9964.005997001506,53122.92434381956
2025-11-10 04:59:29.604183,9964.005997001506,53336.546414156925
2025-11-10 05:00:29.604183,9964.005997001506,53452.312287551606
2025-11-10 05:01:29.604183,9964.005997001506,53405.08820150933
2025-11-10 05:02:29.604183,9962.506246876568,53323.60230137398
2025-11-10 05:03:29.604183,9962.506246876568,53390.553006878436
2025-11-10 05:04:29.604183,9962.506246876568,53264.12123995739
2025-11-10 05:05:29.604183,9962.506246876568,53473.77009180249
2025-11-10 05:06:29.604183,9962.506246876568,53614.54949664728
2025-11-10 05:07:29.604183,9962.506246876568,53578.95720311924
2025-11-10 05:08:29.604183,9962.506246876568,53410.125732318484
2025-11-10 05:09:29.604183,9962.506246876568,53569.48182743299
2025-11-10 05:10:29.604183,9962.506246876568,53572.02644577237
2025-11-10 05:11:29.604183,9962.506246876568,53719.50533327175
2025-11-10 05:12:29.604183,9962.506246876568,53563.134057606425
2025-11-10 05:13:29.604183,9962.506246876568,53513.85145859001
2025-11-10 05:14:29.604183,9962.506246876568,53529.3623449698
2025-11-10 05:15:29.604183,9962.506246876568,53549.3832248001
2025-11-10 05:16:29.604183,9962.506246876568,53516.21578523316
2025-11-10 05:17:29.604183,9962.506246876568,53597.942823334946
2025-11-10 05:18:29.604183,9962.506246876568,53498.62044957417
2025-11-10 05:19:29.604183,9962.506246876568,53498.517536003375
2025-11-10 05:20:29.604183,9962.506246876568,53526.55725887425
2025-11-10 05:21:29.604183,9962.506246876568,53596.84313239536
2025-11-10 05:22:29.604183,9962.506246876568,53688.39457139337
2025-11-10 05:23:29.604183,9962.506246876568,53582.968326012146
2025-11-10 05:24:29.604183,9962.506246876568,53433.90488028428
2025-11-10 05:25:29.604183,9962.506246876568,53585.78319445171
2025-11-10 05:26:29.604183,9962.506246876568,53636.814426302124
2025-11-10 05:27:29.604183,9962.506246876568,53571.99013337902
2025-11-10 05:28:29.604183,9962.506246876568,53753.67383767621
2025-11-10 05:29:29.604183,9962.506246876568,53781.68669620215
2025-11-10 05:30:29.604183,9962.506246876568,53924.15835699421
2025-11-10 05:31:29.604183,9962.506246876568,53947.141447455455
2025-11-10 05:32:29.604183,9961.006496751632,54185.22988434697
2025-11-10 05:33:29.604183,9961.006496751632,54391.30964130173
2025-11-10 05:34:29.604183,9961.006496751632,54380.17742149841
2025-11-10 05:35:29.604183,9961.006496751632,54501.831100884425
2025-11-10 05:36:29.604183,9961.006496751632,54588.23835628905
2025-11-10 05:37:29.604183,9961.006496751632,54753.78303572023
2025-11-10 05:38:29.604183,9961.006496751632,54664.32586667895
2025-11-10 05:39:29.604183,9961.006496751632,54755.55170330678
2025-11-10 05:40:29.604183,9961.006496751632,54887.746813126905
2025-11-10 05:41:29.604183,9961.006496751632,54711.0436558454
2025-11-10 05:42:29.604183,9959.506746626694,54597.91771834547
2025-11-10 05:43:29.604183,9959.506746626694,54391.59487326281
2025-11-10 05:44:29.604183,9958.006996501757,54378.61675639128
2025-11-10 05:45:29.604183,9958.006996501757,54473.01737800911
2025-11-10 05:46:29.604183,9958.006996501757,54653.12219281247
2025-11-10 05:47:29.604183,9958.006996501757,54677.742485422285
2025-11-10 05:48:29.604183,9958.006996501757,54872.40723826266
2025-11-10 05:49:29.604183,9958.006996501757,54737.61208323499
2025-11-10 05:50:29.604183,9958.006996501757,54567.794835942266
2025-11-10 05:51:29.604183,9958.006996501757,54578.37976415998
2025-11-10 05:52:29.604183,9956.50724637682,54636.99142027165
2025-11-10 05:53:29.604183,9956.50724637682,54650.162941473114
2025-11-10 05:54:29.604183,9956.50724637682,54440.97706719542
2025-11-10 05:55:29.604183,9956.50724637682,54448.03330358601
2025-11-10 05:56:29.604183,9956.50724637682,54322.781516108764
2025-11-10 05:57:29.604183,9956.50724637682,54412.337381591016
2025-11-10 05:58:29.604183,9956.50724637682,54469.096737945176
2025-11-10 05:59:29.604183,9956.50724637682,54383.6277972904
2025-11-10 06:00:29.604183,9956.50724637682,54344.6670115354
2025-11-10 06:01:29.604183,9956.50724637682,54246.49854385916
2025-11-10 06:02:29.604183,9955.007496251883,54256.66211196066
2025-11-10 06:03:29.604183,9955.007496251883,54377.31247422802
2025-11-10 06:04:29.604183,9955.007496251883,54287.1905032665
2025-11-10 06:05:29.604183,9955.007496251883,54359.00675488956
2025-11-10 06:06:29.604183,9955.007496251883,54318.508296612905
2025-11-10 06:07:29.604183,9955.007496251883,54249.548024482174
2025-11-10 06:08:29.604183,9955.007496251883,54255.126288886255
2025-11-10 06:09:29.604183,9955.007496251883,54160.022315742135
2025-11-10 06:10:29.604183,9955.007496251883,54117.288865004055
2025-11-10 06:11:29.604183,9955.007496251883,54004.89893036528
2025-11-10 06:12:29.604183,9953.507746126945,54234.372048338395
2025-11-10 06:13:29.604183,9953.507746126945,54255.571638832866
2025-11-10 06:14:29.604183,9953.507746126945,54197.06271647284
2025-11-10 06:15:29.604183,9953.507746126945,54237.694852596374
2025-11-10 06:16:29.604183,9953.507746126945,54242.99875915017
2025-11-10 06:17:29.604183,9953.507746126945,54236.55479239281
2025-11-10 06:18:29.604183,9953.507746126945,54320.73911295693
2025-11-10 06:19:29.604183,9953.507746126945,54420.66463001442
2025-11-10 06:20:29.604183,9953.507746126945,54380.623186916346
2025-11-10 06:21:29.604183,9953.507746126945,54335.72025241356
2025-11-10 06:22:29.604183,9953.507746126945,54323.57688786679
2025-11-10 06:23:29.604183,9953.507746126945,54091.260389406656
2025-11-10 06:24:29.604183,9953.507746126945,53945.08543496005
2025-11-10 06:25:29.604183,9953.507746126945,54110.28950905634
2025-11-10 06:26:29.604183,9953.507746126945,54306.13254866399
2025-11-10 06:27:29.604183,9953.507746126945,54297.0101101019
2025-11-10 06:28:29.604183,9953.507746126945,54377.58139962235
2025-11-10 06:29:29.604183,9953.507746126945,54429.45655211414
2025-11-10 06:30:29.604183,9953.507746126945,54782.70028184953
2025-11-10 06:31:29.604183,9952.007996002008,54923.60247558964
2025-11-10 06:32:29.604183,9950.50824587707,54927.871675825285
2025-11-10 06:33:29.604183,9950.50824587707,54841.260255463
2025-11-10 06:34:29.604183,9950.50824587707,54683.4305189834
2025-11-10 06:35:29.604183,9950.50824587707,54724.03717832691
2025-11-10 06:36:29.604183,9950.50824587707,54659.66218469877
2025-11-10 06:37:29.604183,9950.50824587707,54522.6048413551
2025-11-10 06:38:29.604183,9949.008495752134,54470.51333236748
2025-11-10 06:39:29.604183,9949.008495752134,54371.12280914677
2025-11-10 06:40:29.604183,9949.008495752134,54573.024953182365
2025-11-10 06:41:29.604183,9949.008495752134,54687.797418267604
2025-11-10 06:42:29.604183,9947.508745627196,54705.54737998469
2025-11-10 06:43:29.604183,9947.508745627196,54886.1357229863
2025-11-10 06:44:29.604183,9947.508745627196,54913.39441269537
2025-11-10 06:45:29.604183,9947.508745627196,54837.61561009811
2025-11-10 06:46:29.604183,9947.508745627196,55023.490017347816
2025-11-10 06:47:29.604183,9947.508745627196,55101.72290893467
2025-11-10 06:48:29.604183,9947.508745627196,55006.40748025721
2025-11-10 06:49:29.604183,9947.508745627196,55004.465829930596
2025-11-10 06:50:29.604183,9947.508745627196,54927.175598264585
2025-11-10 06:51:29.604183,9947.508745627196,54794.31605018111
2025-11-10 06:52:29.604183,9947.508745627196,54914.85360642691
2025-11-10 06:53:29.604183,9947.508745627196,55143.683346946236
2025-11-10 06:54:29.604183,9947.508745627196,55008.67607187789
2025-11-10 06:55:29.604183,9947.508745627196,55089.84064570172
2025-11-10 06:56:29.604183,9947.508745627196,55037.44789822407
2025-11-10 06:57:29.604183,9947.508745627196,55003.14236259472
2025-11-10 06:58:29.604183,9947.508745627196,54957.316232173034
2025-11-10 06:59:29.604183,9947.508745627196,54881.71400589007
2025-11-10 07:00:29.604183,9947.508745627196,54906.41440973004
2025-11-10 07:01:29.604183,9947.508745627196,54834.586806223764
2025-11-10 07:02:29.604183,9947.508745627196,54883.68166152008
2025-11-10 07:03:29.604183,9947.508745627196,54897.65677542123
2025-11-10 07:04:29.604183,9947.508745627196,54890.954130943355
2025-11-10 07:05:29.604183,9947.508745627196,54810.888551894735
2025-11-10 07:06:29.604183,9947.508745627196,54767.23989167872
2025-11-10 07:07:29.604183,9947.508745627196,54869.58178291753
2025-11-10 07:08:29.604183,9947.508745627196,54944.2272796195
2025-11-10 07:09:29.604183,9947.508745627196,54856.545456825
2025-11-10 07:10:29.604183,9947.508745627196,54887.19034259382
2025-11-10 07:11:29.604183,9947.508745627196,54989.469404128744
2025-11-10 07:12:29.604183,9947.508745627196,54825.74109064645
2025-11-10 07:13:29.604183,9947.508745627196,54905.171383564986
2025-11-10 07:14:29.604183,9947.508745627196,54852.32539731538
2025-11-10 07:15:29.604183,9947.508745627196,54934.85862922438
2025-11-10 07:16:29.604183,9947.508745627196,54871.0036378877
2025-11-10 07:17:29.604183,9947.508745627196,54692.95120872671
2025-11-10 07:18:29.604183,9947.508745627196,54534.913013449215
2025-11-10 07:19:29.604183,9947.508745627196,54560.129763057004
2025-11-10 07:20:29.604183,9947.508745627196,54608.49003304274
2025-11-10 07:21:29.604183,9947.508745627196,54529.79827875585
2025-11-10 07:22:29.604183,9947.508745627196,54619.52685705681
2025-11-10 07:23:29.604183,9947.508745627196,54458.17892474705
2025-11-10 07:24:29.604183,9947.508745627196,54471.115006835025
2025-11-10 07:25:29.604183,9947.508745627196,54359.36009046943
2025-11-10 07:26:29.604183,9946.00899550226,54308.66557428335
2025-11-10 07:27:29.604183,9946.00899550226,54334.00509096294
2025-11-10 07:28:29.604183,9946.00899550226,54260.74406117034
2025-11-10 07:29:29.604183,9946.00899550226,54239.26031871588
2025-11-10 07:30:29.604183,9946.00899550226,54368.6999465737
2025-11-10 07:31:29.604183,9946.00899550226,54326.334873217646
2025-11-10 07:32:29.604183,9944.509245377321,54437.521585171526
2025-11-10 07:33:29.604183,9944.509245377321,54334.99078959013
2025-11-10 07:34:29.604183,9944.509245377321,54413.02989866891
2025-11-10 07:35:29.604183,9944.509245377321,54590.442636957836
2025-11-10 07:36:29.604183,9944.509245377321,54341.22368997801
2025-11-10 07:37:29.604183,9944.509245377321,54275.196099312896
2025-11-10 07:38:29.604183,9944.509245377321,54358.43115137618
2025-11-10 07:39:29.604183,9944.509245377321,54357.019697463846
2025-11-10 07:40:29.604183,9944.509245377321,54418.06870555947
2025-11-10 07:41:29.604183,9944.509245377321,54373.094597051575
2025-11-10 07:42:29.604183,9944.509245377321,54403.2928397691
2025-11-10 07:43:29.604183,9944.509245377321,54407.185413010004
2025-11-10 07:44:29.604183,9944.509245377321,54555.12746451225
2025-11-10 07:45:29.604183,9944.509245377321,54603.8526311476
2025-11-10 07:46:29.604183,9944.509245377321,54661.74335724087
2025-11-10 07:47:29.604183,9944.509245377321,54637.79771853378
2025-11-10 07:48:29.604183,9944.509245377321,54605.62517920711
2025-11-10 07:49:29.604183,9944.509245377321,54579.5213959279
2025-11-10 07:50:29.604183,9944.509245377321,54643.743676162165
2025-11-10 07:51:29.604183,9944.509245377321,54618.962478826325
2025-11-10 07:52:29.604183,9944.509245377321,54671.87235127117
2025-11-10 07:53:29.604183,9944.509245377321,54920.11849804868
2025-11-10 07:54:29.604183,9943.009495252385,55037.252038866245
2025-11-10 07:55:29.604183,9943.009495252385,55022.89815044525
2025-11-10 07:56:29.604183,9943.009495252385,55176.652304265335
2025-11-10 07:57:29.604183,9943.009495252385,55153.284055523814
2025-11-10 07:58:29.604183,9943.009495252385,54950.15890221054
2025-11-10 07:59:29.604183,9943.009495252385,54861.02155720983
2025-11-10 08:00:29.604183,9943.009495252385,54677.40910852322
2025-11-10 08:01:29.604183,9943.009495252385,54660.58960007466
2025-11-10 08:02:29.604183,9941.509745127447,54684.25463816717
2025-11-10 08:03:29.604183,9941.509745127447,54889.3029825539
2025-11-10 08:04:29.604183,9941.509745127447,54947.01101647298
2025-11-10 08:05:29.604183,9941.509745127447,54944.81270371458
2025-11-10 08:06:29.604183,9941.509745127447,55057.87260520612
2025-11-10 08:07:29.604183,9941.509745127447,54836.39198521332
2025-11-10 08:08:29.604183,9941.509745127447,54884.182289455595
2025-11-10 08:09:29.604183,9941.509745127447,54990.80597071787
2025-11-10 08:10:29.604183,9941.509745127447,54850.27670943514
2025-11-10 08:11:29.604183,9941.509745127447,54997.8168692299
2025-11-10 08:12:29.604183,9941.509745127447,55057.217288504726
2025-11-10 08:13:29.604183,9941.509745127447,55033.717589636915
2025-11-10 08:14:29.604183,9941.509745127447,55125.62451797864
2025-11-10 08:15:29.604183,9941.509745127447,55398.30497285715
2025-11-10 08:16:29.604183,9940.00999500251,55440.93784071969
2025-11-10 08:17:29.604183,9940.00999500251,55490.99953766807
2025-11-10 08:18:29.604183,9940.00999500251,55462.616193389855
2025-11-10 08:19:29.604183,9940.00999500251,55390.971439864494
2025-11-10 08:20:29.604183,9940.00999500251,55505.59135271424
2025-11-10 08:21:29.604183,9940.00999500251,55433.27558054718
2025-11-10 08:22:29.604183,9938.510244877572,55463.93791065611
2025-11-10 08:23:29.604183,9938.510244877572,55433.731528083285
2025-11-10 08:24:29.604183,9938.510244877572,55509.640066166496
2025-11-10 08:25:29.604183,9938.510244877572,55569.55805652988
2025-11-10 08:26:29.604183,9938.510244877572,55707.807700990095
2025-11-10 08:27:29.604183,9938.510244877572,55674.01806264012
2025-11-10 08:28:29.604183,9938.510244877572,55667.02688917626
2025-11-10 08:29:29.604183,9938.510244877572,55581.15181652953
2025-11-10 08:30:29.604183,9938.510244877572,55554.860811503284
2025-11-10 08:31:29.604183,9938.510244877572,55619.90790242334
2025-11-10 08:32:29.604183,9938.510244877572,55727.306243238665
2025-11-10 08:33:29.604183,9938.510244877572,55647.80123773505
2025-11-10 08:34:29.604183,9938.510244877572,55767.86459168519
2025-11-10 08:35:29.604183,9938.510244877572,55942.4356705607
2025-11-10 08:36:29.604183,9938.510244877572,56012.17383165133
2025-11-10 08:37:29.604183,9937.010494752636,56245.969904371384
2025-11-10 08:38:29.604183,9937.010494752636,56182.61148440985
2025-11-10 08:39:29.604183,9937.010494752636,56066.454570153095
2025-11-10 08:40:29.604183,9937.010494752636,55890.690447799716
2025-11-10 08:41:29.604183,9937.010494752636,56081.573877383766
2025-11-10 08:42:29.604183,9935.510744627698,56178.74287623322
2025-11-10 08:43:29.604183,9935.510744627698,56196.35104001267
2025-11-10 08:44:29.604183,9935.510744627698,56251.71751686886
2025-11-10 08:45:29.604183,9935.510744627698,56149.05881734539
2025-11-10 08:46:29.604183,9935.510744627698,56447.670133139705
2025-11-10 08:47:29.604183,9935.510744627698,56486.38321477077
2025-11-10 08:48:29.604183,9935.510744627698,56522.92225878899
2025-11-10 08:49:29.604183,9935.510744627698,56629.202491908814
2025-11-10 08:50:29.604183,9935.510744627698,56708.001085413314
2025-11-10 08:51:29.604183,9934.010994502762,56757.786620685976
2025-11-10 08:52:29.604183,9932.511244377823,56692.50982229022
2025-11-10 08:53:29.604183,9932.511244377823,56770.432906110975
2025-11-10 08:54:29.604183,9932.511244377823,57008.658310796585
2025-11-10 08:55:29.604183,9932.511244377823,57186.740796570026
2025-11-10 08:56:29.604183,9932.511244377823,57393.75723983016
2025-11-10 08:57:29.604183,9931.011494252887,57360.00385885208
2025-11-10 08:58:29.604183,9931.011494252887,57271.429383048744
2025-11-10 08:59:29.604183,9931.011494252887,57281.9756538525
2025-11-10 09:00:29.604183,9931.011494252887,57313.35838622449
2025-11-10 09:01:29.604183,9931.011494252887,57463.83415821238
2025-11-10 09:02:29.604183,9929.511744127949,57294.4810428181
2025-11-10 09:03:29.604183,9929.511744127949,57494.8741965969
2025-11-10 09:04:29.604183,9929.511744127949,57501.95630524058
2025-11-10 09:05:29.604183,9929.511744127949,57478.157779205365
2025-11-10 09:06:29.604183,9929.511744127949,57387.13393091329
2025-11-10 09:07:29.604183,9929.511744127949,57222.522685875316
2025-11-10 09:08:29.604183,9929.511744127949,57342.02132464452
2025-11-10 09:09:29.604183,9929.511744127949,57375.81323322295
2025-11-10 09:10:29.604183,9929.511744127949,57253.22646021976
2025-11-10 09:11:29.604183,9929.511744127949,57130.35535841897
2025-11-10 09:12:29.604183,9928.011994003013,57117.39727415769
2025-11-10 09:13:29.604183,9928.011994003013,57333.50044859593
2025-11-10 09:14:29.604183,9928.011994003013,57329.31283565175
2025-11-10 09:15:29.604183,9928.011994003013,57182.58145064966
2025-11-10 09:16:29.604183,9928.011994003013,57180.06809783455
2025-11-10 09:17:29.604183,9928.011994003013,57174.50909716208
2025-11-10 09:18:29.604183,9928.011994003013,56891.78970168052
2025-11-10 09:19:29.604183,9928.011994003013,56911.19139818722
2025-11-10 09:20:29.604183,9928.011994003013,56910.5337129245
2025-11-10 09:21:29.604183,9928.011994003013,57015.44375025612
2025-11-10 09:22:29.604183,9926.512243878075,57252.03587725403
2025-11-10 09:23:29.604183,9926.512243878075,57406.9328380348
2025-11-10 09:24:29.604183,9926.512243878075,57402.07133446398
2025-11-10 09:25:29.604183,9926.512243878075,57301.08591013895
2025-11-10 09:26:29.604183,9926.512243878075,57622.040860600675
2025-11-10 09:27:29.604183,9925.012493753138,57655.09367423526
2025-11-10 09:28:29.604183,9925.012493753138,57682.983214051514
2025-11-10 09:29:29.604183,9925.012493753138,57706.53615014643
2025-11-10 09:30:29.604183,9925.012493753138,57755.784726373764
2025-11-10 09:31:29.604183,9925.012493753138,57765.55908959478
2025-11-10 09:32:29.604183,9923.5127436282,57725.777556537985
2025-11-10 09:33:29.604183,9923.5127436282,57689.15799072919
2025-11-10 09:34:29.604183,9923.5127436282,57711.918391629835
2025-11-10 09:35:29.604183,9923.5127436282,57675.78421390919
2025-11-10 09:36:29.604183,9923.5127436282,57620.16976131947
2025-11-10 09:37:29.604183,9923.5127436282,57659.062622933954
2025-11-10 09:38:29.604183,9923.5127436282,57656.34497654278
2025-11-10 09:39:29.604183,9923.5127436282,57856.49911119684
2025-11-10 09:40:29.604183,9923.5127436282,57576.60508469599
2025-11-10 09:41:29.604183,9923.5127436282,57729.063322423324
2025-11-10 09:42:29.604183,9923.5127436282,57899.81270045988
2025-11-10 09:43:29.604183,9923.5127436282,57686.71334155329
2025-11-10 09:44:29.604183,9923.5127436282,57674.11547352822
2025-11-10 09:45:29.604183,9923.5127436282,57658.2437969313
2025-11-10 09:46:29.604183,9923.5127436282,57522.940507559324
2025-11-10 09:47:29.604183,9923.5127436282,57460.43851775807
2025-11-10 09:48:29.604183,9922.012993503264,57359.80339651805
2025-11-10 09:49:29.604183,9922.012993503264,57587.80898716727
2025-11-10 09:50:29.604183,9922.012993503264,57722.70942682035
2025-11-10 09:51:29.604183,9922.012993503264,57896.74141268808
2025-11-10 09:52:29.604183,9920.513243378326,58007.665461724704
2025-11-10 09:53:29.604183,9920.513243378326,57904.1300024371
2025-11-10 09:54:29.604183,9920.513243378326,57870.82932011661
2025-11-10 09:55:29.604183,9920.513243378326,57954.93787405457
2025-11-10 09:56:29.604183,9920.513243378326,57840.828917432955
2025-11-10 09:57:29.604183,9920.513243378326,57950.843439459255
2025-11-10 09:58:29.604183,9920.513243378326,57950.61564327561
2025-11-10 09:59:29.604183,9920.513243378326,57934.83993588591
2025-11-10 10:00:29.604183,9920.513243378326,58044.9178544495
2025-11-10 10:01:29.604183,9920.513243378326,58124.2844902516
2025-11-10 10:02:29.604183,9920.513243378326,58110.19326424177
2025-11-10 10:03:29.604183,9920.513243378326,58272.83522192595
2025-11-10 10:04:29.604183,9920.513243378326,58174.864766596715
2025-11-10 10:05:29.604183,9920.513243378326,58274.54481717492
2025-11-10 10:06:29.604183,9920.513243378326,58371.77483906972
2025-11-10 10:07:29.604183,9920.513243378326,58363.82935532865
2025-11-10 10:08:29.604183,9920.513243378326,58430.12688695627
2025-11-10 10:09:29.604183,9920.513243378326,58312.22289518273
2025-11-10 10:10:29.604183,9920.513243378326,58448.271906730115
2025-11-10 10:11:29.604183,9920.513243378326,58455.048967664276
2025-11-10 10:12:29.604183,9920.513243378326,58422.37276374857
2025-11-10 10:13:29.604183,9920.513243378326,58573.40407938566
2025-11-10 10:14:29.604183,9919.01349325339,58519.46684199843
2025-11-10 10:15:29.604183,9919.01349325339,58383.21076562701
2025-11-10 10:16:29.604183,9919.01349325339,58230.01148565936
2025-11-10 10:17:29.604183,9919.01349325339,58329.11567292489
2025-11-10 10:18:29.604183,9919.01349325339,58208.36039166565
2025-11-10 10:19:29.604183,9919.01349325339,58441.246324138236
2025-11-10 10:20:29.604183,9919.01349325339,58226.65880596733
2025-11-10 10:21:29.604183,9919.01349325339,58452.905243209716
2025-11-10 10:22:29.604183,9917.513743128451,58506.414969073514
2025-11-10 10:23:29.604183,9917.513743128451,58524.00591128653
2025-11-10 10:24:29.604183,9917.513743128451,58489.181194173754
2025-11-10 10:25:29.604183,9917.513743128451,58564.851876662455
2025-11-10 10:26:29.604183,9917.513743128451,58589.502320411884
2025-11-10 10:27:29.604183,9917.513743128451,58747.89766849467
2025-11-10 10:28:29.604183,9917.513743128451,58790.54999650023
2025-11-10 10:29:29.604183,9917.513743128451,58837.515780085916
2025-11-10 10:30:29.604183,9917.513743128451,58824.08512775766
2025-11-10 10:31:29.604183,9917.513743128451,58846.77718266322
2025-11-10 10:32:29.604183,9917.513743128451,58912.44730258352
2025-11-10 10:33:29.604183,9917.513743128451,58740.46452539124
2025-11-10 10:34:29.604183,9917.513743128451,58611.55073257401
2025-11-10 10:35:29.604183,9917.513743128451,58728.126787877925
2025-11-10 10:36:29.604183,9917.513743128451,58777.74371843292
2025-11-10 10:37:29.604183,9917.513743128451,58785.72899384359
2025-11-10 10:38:29.604183,9917.513743128451,58817.55469937685
2025-11-10 10:39:29.604183,9917.513743128451,58888.15784297744
2025-11-10 10:40:29.604183,9917.513743128451,58854.37886066497
2025-11-10 10:41:29.604183,9917.513743128451,58792.581312978735
2025-11-10 10:42:29.604183,9917.513743128451,58845.43509362319
2025-11-10 10:43:29.604183,9917.513743128451,58760.182540366324
2025-11-10 10:44:29.604183,9917.513743128451,58838.05107002443
2025-11-10 10:45:29.604183,9917.513743128451,58667.66868350038
2025-11-10 10:46:29.604183,9917.513743128451,58818.3500031101
2025-11-10 10:47:29.604183,9917.513743128451,58903.98754052619
2025-11-10 10:48:29.604183,9917.513743128451,58964.27728941553
2025-11-10 10:49:29.604183,9917.513743128451,59110.36383312394
2025-11-10 10:50:29.604183,9916.013993003515,59337.57254748457
2025-11-10 10:51:29.604183,9916.013993003515,59488.42593642703
2025-11-10 10:52:29.604183,9914.514242878577,59299.99620102148
2025-11-10 10:53:29.604183,9914.514242878577,59178.77437775284
2025-11-10 10:54:29.604183,9913.01449275364,59135.33708059543
2025-11-10 10:55:29.604183,9913.01449275364,59168.956281725325
2025-11-10 10:56:29.604183,9913.01449275364,59260.80684139491
2025-11-10 10:57:29.604183,9913.01449275364,59205.47105634496
2025-11-10 10:58:29.604183,9913.01449275364,59258.27932269164
2025-11-10 10:59:29.604183,9913.01449275364,59199.5155317068
2025-11-10 11:00:29.604183,9913.01449275364,59157.884645414786
2025-11-10 11:01:29.604183,9913.01449275364,59022.246155122855
2025-11-10 11:02:29.604183,9911.514742628702,58944.025671087955
2025-11-10 11:03:29.604183,9911.514742628702,58815.44051633903
2025-11-10 11:04:29.604183,9911.514742628702,58731.383760358716
2025-11-10 11:05:29.604183,9911.514742628702,58885.88040352301
2025-11-10 11:06:29.604183,9911.514742628702,58804.92275283842
2025-11-10 11:07:29.604183,9911.514742628702,59145.36997430413
2025-11-10 11:08:29.604183,9911.514742628702,59234.79781146687
2025-11-10 11:09:29.604183,9911.514742628702,59287.856316038495
2025-11-10 11:10:29.604183,9911.514742628702,59217.306086979646
2025-11-10 11:11:29.604183,9911.514742628702,59331.48116141118
2025-11-10 11:12:29.604183,9911.514742628702,59294.509869836395
2025-11-10 11:13:29.604183,9911.514742628702,59340.3361714373
2025-11-10 11:14:29.604183,9911.514742628702,59675.591474938
2025-11-10 11:15:29.604183,9910.014992503766,59695.76836091349
2025-11-10 11:16:29.604183,9910.014992503766,59864.67580067364
2025-11-10 11:17:29.604183,9910.014992503766,59812.31015309125
2025-11-10 11:18:29.604183,9910.014992503766,59839.96360466834
2025-11-10 11:19:29.604183,9910.014992503766,60083.78813704204
2025-11-10 11:20:29.604183,9910.014992503766,60040.51398102967
2025-11-10 11:21:29.604183,9910.014992503766,60290.24025091571
2025-11-10 11:22:29.604183,9908.515242378828,60407.84225404117
2025-11-10 11:23:29.604183,9908.515242378828,60372.253287317675
2025-11-10 11:24:29.604183,9908.515242378828,60481.00177568625
2025-11-10 11:25:29.604183,9908.515242378828,60631.1330101094
2025-11-10 11:26:29.604183,9908.515242378828,60739.14697629442
2025-11-10 11:27:29.604183,9908.515242378828,60581.110944460284
2025-11-10 11:28:29.604183,9908.515242378828,60525.67856311055
2025-11-10 11:29:29.604183,9908.515242378828,60528.39743913129
2025-11-10 11:30:29.604183,9908.515242378828,60552.11164044021
2025-11-10 11:31:29.604183,9908.515242378828,60660.05742685261
2025-11-10 11:32:29.604183,9908.515242378828,60714.49649738825
2025-11-10 11:33:29.604183,9908.515242378828,60585.29904176828
2025-11-10 11:34:29.604183,9908.515242378828,60664.29188991601
2025-11-10 11:35:29.604183,9908.515242378828,60771.382525390734
2025-11-10 11:36:29.604183,9908.515242378828,60872.53063868012
2025-11-10 11:37:29.604183,9908.515242378828,61037.317398503714
2025-11-10 11:38:29.604183,9907.015492253891,61172.45749571244
2025-11-10 11:39:29.604183,9907.015492253891,61262.0915238391
2025-11-10 11:40:29.604183,9907.015492253891,61287.04180194479
2025-11-10 11:41:29.604183,9907.015492253891,61117.05456505413
2025-11-10 11:42:29.604183,9905.515742128953,61203.12136110125
2025-11-10 11:43:29.604183,9905.515742128953,61262.18620802858
2025-11-10 11:44:29.604183,9905.515742128953,61329.17885204394
2025-11-10 11:45:29.604183,9905.515742128953,61206.372076823034
2025-11-10 11:46:29.604183,9905.515742128953,61107.80894537311
2025-11-10 11:47:29.604183,9905.515742128953,61270.28071940916
2025-11-10 11:48:29.604183,9905.515742128953,61299.325994646824
2025-11-10 11:49:29.604183,9905.515742128953,61416.82811277242
2025-11-10 11:50:29.604183,9905.515742128953,61454.365373315384
2025-11-10 11:51:29.604183,9905.515742128953,61492.14499617133
2025-11-10 11:52:29.604183,9905.515742128953,61641.72520694395
2025-11-10 11:53:29.604183,9905.515742128953,61612.41746973157
2025-11-10 11:54:29.604183,9905.515742128953,61658.600476431144
2025-11-10 11:55:29.604183,9905.515742128953,61636.00110905689
2025-11-10 11:56:29.604183,9905.515742128953,61616.87723792318
2025-11-10 11:57:29.604183,9905.515742128953,61613.246279465835
2025-11-10 11:58:29.604183,9905.515742128953,61675.12931361332
2025-11-10 11:59:29.604183,9905.515742128953,61650.66333699827
2025-11-10 12:00:29.604183,9905.515742128953,61840.116644988266
2025-11-10 12:01:29.604183,9904.015992004017,61764.23766947331
2025-11-10 12:02:29.604183,9902.516241879079,61775.92022729665
2025-11-10 12:03:29.604183,9902.516241879079,61756.40667861489
2025-11-10 12:04:29.604183,9902.516241879079,61969.97493948721
2025-11-10 12:05:29.604183,9902.516241879079,62029.34745721597
2025-11-10 12:06:29.604183,9902.516241879079,62192.444922615265
2025-11-10 12:07:29.604183,9902.516241879079,62042.88731638792
2025-11-10 12:08:29.604183,9902.516241879079,62111.20652363191
2025-11-10 12:09:29.604183,9902.516241879079,62256.98257980056
2025-11-10 12:10:29.604183,9902.516241879079,62302.6180867907
2025-11-10 12:11:29.604183,9902.516241879079,62470.841759072086
2025-11-10 12:12:29.604183,9901.016491754142,62441.80926413908
2025-11-10 12:13:29.604183,9901.016491754142,62653.43891573952
2025-11-10 12:14:29.604183,9901.016491754142,62977.296187280925
2025-11-10 12:15:29.604183,9901.016491754142,62967.61329114254
2025-11-10 12:16:29.604183,9901.016491754142,62947.56533701331
2025-11-10 12:17:29.604183,9901.016491754142,63166.62813663381
2025-11-10 12:18:29.604183,9901.016491754142,63402.43888841972
2025-11-10 12:19:29.604183,9901.016491754142,63372.57536341379
2025-11-10 12:20:29.604183,9901.016491754142,63355.783275388065
2025-11-10 12:21:29.604183,9901.016491754142,63356.576825096
2025-11-10 12:22:29.604183,9899.516741629204,63222.76066520034
2025-11-10 12:23:29.604183,9899.516741629204,63143.11139664799
2025-11-10 12:24:29.604183,9899.516741629204,63052.81029145196
2025-11-10 12:25:29.604183,9899.516741629204,62992.48634928569
2025-11-10 12:26:29.604183,9898.016991504268,63024.62507616519
2025-11-10 12:27:29.604183,9898.016991504268,63090.718593176185
2025-11-10 12:28:29.604183,9898.016991504268,63323.016094456936
2025-11-10 12:29:29.604183,9898.016991504268,63233.410597416485
2025-11-10 12:30:29.604183,9898.016991504268,63394.7186263388
2025-11-10 12:31:29.604183,9898.016991504268,63404.54899760659
2025-11-10 12:32:29.604183,9896.51724137933,63435.28823867947
2025-11-10 12:33:29.604183,9896.51724137933,63557.97669272769
2025-11-10 12:34:29.604183,9896.51724137933,63452.45040004408
2025-11-10 12:35:29.604183,9896.51724137933,63538.15200679792
2025-11-10 12:36:29.604183,9896.51724137933,63596.57043445558
2025-11-10 12:37:29.604183,9896.51724137933,63696.55161215228
2025-11-10 12:38:29.604183,9896.51724137933,63770.83743249466
2025-11-10 12:39:29.604183,9896.51724137933,64121.52624340188
2025-11-10 12:40:29.604183,9895.017491254393,64077.52721623243
2025-11-10 12:41:29.604183,9895.017491254393,64047.28256832622
2025-11-10 12:42:29.604183,9893.517741129455,64005.29361339627
2025-11-10 12:43:29.604183,9893.517741129455,63972.038297640865
2025-11-10 12:44:29.604183,9893.517741129455,63928.36481593677
2025-11-10 12:45:29.604183,9893.517741129455,64118.28357426378
2025-11-10 12:46:29.604183,9893.517741129455,64338.49629202216
2025-11-10 12:47:29.604183,9893.517741129455,64303.28190448256
2025-11-10 12:48:29.604183,9893.517741129455,64234.48680644333
2025-11-10 12:49:29.604183,9893.517741129455,64333.304086200915
2025-11-10 12:50:29.604183,9893.517741129455,64300.60998504897
2025-11-10 12:51:29.604183,9893.517741129455,64420.38954434003
2025-11-10 12:52:29.604183,9893.517741129455,64485.034328769645
2025-11-10 12:53:29.604183,9893.517741129455,64328.13217704392
2025-11-10 12:54:29.604183,9893.517741129455,64565.76270992058
2025-11-10 12:55:29.604183,9893.517741129455,64836.38864354323
2025-11-10 12:56:29.604183,9892.017991004519,64795.855499279634
2025-11-10 12:57:29.604183,9892.017991004519,64784.56214949683
2025-11-10 12:58:29.604183,9892.017991004519,64860.58926854334
2025-11-10 12:59:29.604183,9892.017991004519,64943.054015227935
2025-11-10 13:00:29.604183,9892.017991004519,65067.76320132587
2025-11-10 13:01:29.604183,9892.017991004519,65368.656102222594
2025-11-10 13:02:29.604183,9890.51824087958,65385.04350550435
2025-11-10 13:03:29.604183,9890.51824087958,65320.22645901912
2025-11-10 13:04:29.604183,9890.51824087958,65179.61408423201
2025-11-10 13:05:29.604183,9890.51824087958,65123.87320955831
2025-11-10 13:06:29.604183,9890.51824087958,65159.11253712517
2025-11-10 13:07:29.604183,9890.51824087958,65432.59685782734
2025-11-10 13:08:29.604183,9890.51824087958,65404.692046116965
2025-11-10 13:09:29.604183,9890.51824087958,65473.826565710275
2025-11-10 13:10:29.604183,9890.51824087958,65511.62461511873
2025-11-10 13:11:29.604183,9890.51824087958,65707.34894040113
2025-11-10 13:12:29.604183,9890.51824087958,66079.60739717295
2025-11-10 13:13:29.604183,9889.018490754645,66049.90416231986
2025-11-10 13:14:29.604183,9889.018490754645,66025.73298574274
2025-11-10 13:15:29.604183,9889.018490754645,66204.13070816861
2025-11-10 13:16:29.604183,9889.018490754645,66335.08899823565
2025-11-10 13:17:29.604183,9889.018490754645,66620.88875905305
2025-11-10 13:18:29.604183,9889.018490754645,66739.71122610201
2025-11-10 13:19:29.604183,9889.018490754645,66732.89150188357
2025-11-10 13:20:29.604183,9889.018490754645,66852.9042587087
2025-11-10 13:21:29.604183,9889.018490754645,67042.44543190568
2025-11-10 13:22:29.604183,9887.518740629706,67193.92444645031
2025-11-10 13:23:29.604183,9887.518740629706,67303.7010454949
2025-11-10 13:24:29.604183,9887.518740629706,67489.0032301759
2025-11-10 13:25:29.604183,9887.518740629706,67688.71405788472
2025-11-10 13:26:29.604183,9887.518740629706,67917.87980051967
2025-11-10 13:27:29.604183,9886.01899050477,68048.23998461475
2025-11-10 13:28:29.604183,9886.01899050477,68067.86635323976
2025-11-10 13:29:29.604183,9886.01899050477,68130.26940218528
2025-11-10 13:30:29.604183,9886.01899050477,68337.18528225721
2025-11-10 13:31:29.604183,9886.01899050477,68268.22404592572
2025-11-10 13:32:29.604183,9884.519240379832,68361.25868095068
2025-11-10 13:33:29.604183,9884.519240379832,68350.28339241953
2025-11-10 13:34:29.604183,9884.519240379832,68397.05643658362
2025-11-10 13:35:29.604183,9884.519240379832,68614.8615849955
2025-11-10 13:36:29.604183,9884.519240379832,68684.19087642852
2025-11-10 13:37:29.604183,9884.519240379832,68733.76589326856
2025-11-10 13:38:29.604183,9884.519240379832,68590.10487247341
2025-11-10 13:39:29.604183,9884.519240379832,68735.70835525436
2025-11-10 13:40:29.604183,9884.519240379832,68867.8157821755
2025-11-10 13:41:29.604183,9884.519240379832,69209.276056867
2025-11-10 13:42:29.604183,9883.019490254896,69210.44065033969
2025-11-10 13:43:29.604183,9883.019490254896,69284.59127563523
2025-11-10 13:44:29.604183,9883.019490254896,69363.05890353565
2025-11-10 13:45:29.604183,9883.019490254896,69625.90154073053
2025-11-10 13:46:29.604183,9883.019490254896,69656.85528395488
2025-11-10 13:47:29.604183,9883.019490254896,69740.01869308678
2025-11-10 13:48:29.604183,9883.019490254896,69869.20135040027
2025-11-10 13:49:29.604183,9883.019490254896,69939.8018262366
2025-11-10 13:50:29.604183,9883.019490254896,69921.97247729043
2025-11-10 13:51:29.604183,9883.019490254896,69993.76961224806
2025-11-10 13:52:29.604183,9881.519740129957,70188.81399655594
2025-11-10 13:53:29.604183,9881.519740129957,70089.63700572794
2025-11-10 13:54:29.604183,9881.519740129957,70153.18462126986
2025-11-10 13:55:29.604183,9881.519740129957,70099.95070259484
2025-11-10 13:56:29.604183,9881.519740129957,70312.5081822206
2025-11-10 13:57:29.604183,9881.519740129957,70143.50740677908
2025-11-10 13:58:29.604183,9881.519740129957,70110.2354469337
2025-11-10 13:59:29.604183,9881.519740129957,70208.29310221523
2025-11-10 14:00:29.604183,9881.519740129957,70473.39542867793
2025-11-10 14:01:29.604183,9881.519740129957,70509.62486335124
2025-11-10 14:02:29.604183,9881.519740129957,70476.90015392209
2025-11-10 14:03:29.604183,9881.519740129957,70787.6533300173
2025-11-10 14:04:29.604183,9880.019990005021,70628.4974986319
2025-11-10 14:05:29.604183,9880.019990005021,70363.69395810913
2025-11-10 14:06:29.604183,9880.019990005021,70471.28643157867
2025-11-10 14:07:29.604183,9880.019990005021,70446.31481332144
2025-11-10 14:08:29.604183,9880.019990005021,70348.25256166507
2025-11-10 14:09:29.604183,9880.019990005021,70493.7228657357
2025-11-10 14:10:29.604183,9880.019990005021,70574.04644368372
2025-11-10 14:11:29.604183,9880.019990005021,70540.47996082138
2025-11-10 14:12:29.604183,9878.520239880083,70405.93264450139
2025-11-10 14:13:29.604183,9878.520239880083,70574.82528197057
2025-11-10 14:14:29.604183,9878.520239880083,70712.8007324225
2025-11-10 14:15:29.604183,9878.520239880083,70745.11396952419
2025-11-10 14:16:29.604183,9878.520239880083,71052.80464038273
2025-11-10 14:17:29.604183,9878.520239880083,70947.4003990649
2025-11-10 14:18:29.604183,9878.520239880083,70777.57719887093
2025-11-10 14:19:29.604183,9878.520239880083,70726.21247857144
2025-11-10 14:20:29.604183,9878.520239880083,70766.35800602056
2025-11-10 14:21:29.604183,9878.520239880083,70847.4679041632
2025-11-10 14:22:29.604183,9878.520239880083,70860.05810604071
2025-11-10 14:23:29.604183,9878.520239880083,70956.7811217359
2025-11-10 14:24:29.604183,9878.520239880083,70826.11361941612
2025-11-10 14:25:29.604183,9878.520239880083,71077.53178005847
2025-11-10 14:26:29.604183,9878.520239880083,71112.97516220192
2025-11-10 14:27:29.604183,9878.520239880083,71319.07812765965
2025-11-10 14:28:29.604183,9877.020489755147,71415.34468606958
2025-11-10 14:29:29.604183,9877.020489755147,71528.07749329998
2025-11-10 14:30:29.604183,9877.020489755147,71657.2053189165
2025-11-10 14:31:29.604183,9877.020489755147,71769.12327870248
2025-11-10 14:32:29.604183,9875.520739630208,71909.25790839813
2025-11-10 14:33:29.604183,9875.520739630208,72148.43744399355
2025-11-10 14:34:29.604183,9875.520739630208,72225.02749399225
2025-11-10 14:35:29.604183,9875.520739630208,72375.77717821341
2025-11-10 14:36:29.604183,9875.520739630208,72411.27302922854
2025-11-10 14:37:29.604183,9875.520739630208,72668.39380280158
2025-11-10 14:38:29.604183,9874.020989505272,72618.8713758695
2025-11-10 14:39:29.604183,9874.020989505272,72929.23537702185
2025-11-10 14:40:29.604183,9874.020989505272,72972.43672097877
2025-11-10 14:41:29.604183,9874.020989505272,72812.76092260644
2025-11-10 14:42:29.604183,9872.521239380334,72880.4977640897
2025-11-10 14:43:29.604183,9872.521239380334,72830.40487232669
2025-11-10 14:44:29.604183,9872.521239380334,73002.04837864441
2025-11-10 14:45:29.604183,9872.521239380334,72956.12396126703
2025-11-10 14:46:29.604183,9872.521239380334,72940.40133752856
2025-11-10 14:47:29.604183,9872.521239380334,72714.17466925707
2025-11-10 14:48:29.604183,9872.521239380334,72697.71480839339
2025-11-10 14:49:29.604183,9872.521239380334,72394.65148862563
2025-11-10 14:50:29.604183,9871.021489255398,72214.52150516152
2025-11-10 14:51:29.604183,9871.021489255398,72373.47742909809
2025-11-10 14:52:29.604183,9869.52173913046,72536.50800938482
2025-11-10 14:53:29.604183,9869.52173913046,72647.6802573064
2025-11-10 14:54:29.604183,9869.52173913046,72556.7592197887
2025-11-10 14:55:29.604183,9869.52173913046,72599.40014230604
2025-11-10 14:56:29.604183,9869.52173913046,72648.52112309459
2025-11-10 14:57:29.604183,9869.52173913046,72529.94229980564
2025-11-10 14:58:29.604183,9869.52173913046,72797.7224593026
2025-11-10 14:59:29.604183,9869.52173913046,72975.39385923865
2025-11-10 15:00:29.604183,9869.52173913046,72993.24798703562
2025-11-10 15:01:29.604183,9869.52173913046,73047.3399628962
2025-11-10 15:02:29.604183,9869.52173913046,73128.03852801754
2025-11-10 15:03:29.604183,9868.021989005523,72879.78367873456
2025-11-10 15:04:29.604183,9868.021989005523,72893.99617315618
2025-11-10 15:05:29.604183,9868.021989005523,72844.87247522901
2025-11-10 15:06:29.604183,9868.021989005523,72749.26485129753
2025-11-10 15:07:29.604183,9868.021989005523,72758.66782558132
2025-11-10 15:08:29.604183,9868.021989005523,73070.62209657636
2025-11-10 15:09:29.604183,9868.021989005523,73214.90208399078
2025-11-10 15:10:29.604183,9868.021989005523,73182.04171299456
2025-11-10 15:11:29.604183,9868.021989005523,73316.6525898859
2025-11-10 15:12:29.604183,9866.522238880585,73572.79442650276
2025-11-10 15:13:29.604183,9866.522238880585,73760.02904568744
2025-11-10 15:14:29.604183,9866.522238880585,73820.18607511205
2025-11-10 15:15:29.604183,9866.522238880585,73776.12563028221
2025-11-10 15:16:29.604183,9866.522238880585,73930.6241522503
2025-11-10 15:17:29.604183,9866.522238880585,74040.4386637396
2025-11-10 15:18:29.604183,9866.522238880585,74224.76107969049
2025-11-10 15:19:29.604183,9865.022488755649,74370.99388865719
2025-11-10 15:20:29.604183,9865.022488755649,74579.2023192228
2025-11-10 15:21:29.604183,9865.022488755649,74551.66103665996
2025-11-10 15:22:29.604183,9863.52273863071,74800.41491255575
2025-11-10 15:23:29.604183,9863.52273863071,74882.52859690203
2025-11-10 15:24:29.604183,9863.52273863071,75245.99250829962
2025-11-10 15:25:29.604183,9863.52273863071,75195.24551596535
2025-11-10 15:26:29.604183,9863.52273863071,75509.30474649742
2025-11-10 15:27:29.604183,9862.022988505774,75592.45351676173
2025-11-10 15:28:29.604183,9862.022988505774,75547.34068568995
2025-11-10 15:29:29.604183,9862.022988505774,75527.62049717947
2025-11-10 15:30:29.604183,9862.022988505774,75532.6612938679
2025-11-10 15:31:29.604183,9862.022988505774,75650.22505164928
2025-11-10 15:32:29.604183,9860.523238380836,75782.95311046267
2025-11-10 15:33:29.604183,9860.523238380836,75749.76930827551
2025-11-10 15:34:29.604183,9860.523238380836,75799.878253568
2025-11-10 15:35:29.604183,9860.523238380836,76178.5328366197
2025-11-10 15:36:29.604183,9860.523238380836,76495.9452911394
2025-11-10 15:37:29.604183,9859.0234882559,76617.18735204724
2025-11-10 15:38:29.604183,9859.0234882559,76677.63847313945
2025-11-10 15:39:29.604183,9859.0234882559,76750.76997908813
2025-11-10 15:40:29.604183,9859.0234882559,76899.77553070574
2025-11-10 15:41:29.604183,9859.0234882559,76797.459978423
2025-11-10 15:42:29.604183,9857.523738130962,76812.8979396668
2025-11-10 15:43:29.604183,9857.523738130962,76611.59450269742
2025-11-10 15:44:29.604183,9857.523738130962,76727.70787368005
2025-11-10 15:45:29.604183,9857.523738130962,76882.10331925846
2025-11-10 15:46:29.604183,9857.523738130962,76863.05052151438
2025-11-10 15:47:29.604183,9857.523738130962,77160.29707875523
2025-11-10 15:48:29.604183,9857.523738130962,77026.68731757744
2025-11-10 15:49:29.604183,9857.523738130962,76856.6038861119
2025-11-10 15:50:29.604183,9857.523738130962,76946.5443966159
2025-11-10 15:51:29.604183,9857.523738130962,77163.2432395632
2025-11-10 15:52:29.604183,9857.523738130962,77478.88562027202
2025-11-10 15:53:29.604183,9857.523738130962,77463.82763877371
2025-11-10 15:54:29.604183,9857.523738130962,77687.03777070063
2025-11-10 15:55:29.604183,9856.023988006025,77737.36280885898
2025-11-10 15:56:29.604183,9856.023988006025,77766.92238060426
2025-11-10 15:57:29.604183,9856.023988006025,77960.8356498996
2025-11-10 15:58:29.604183,9856.023988006025,78119.21616175129
2025-11-10 15:59:29.604183,9856.023988006025,77929.76177378696
2025-11-10 16:00:29.604183,9856.023988006025,78216.64961120854
2025-11-10 16:01:29.604183,9856.023988006025,78489.56010753196
2025-11-10 16:02:29.604183,9854.524237881087,78448.63156796509
2025-11-10 16:03:29.604183,9854.524237881087,78568.02845366517
2025-11-10 16:04:29.604183,9854.524237881087,78703.09660644374
2025-11-10 16:05:29.604183,9854.524237881087,78801.719905176
2025-11-10 16:06:29.604183,9854.524237881087,78772.70848341758
2025-11-10 16:07:29.604183,9854.524237881087,78724.64935508306
2025-11-10 16:08:29.604183,9854.524237881087,78778.39741317045
2025-11-10 16:09:29.604183,9854.524237881087,79021.03455516024
2025-11-10 16:10:29.604183,9854.524237881087,79165.04510489984
2025-11-10 16:11:29.604183,9854.524237881087,79164.6254560161
2025-11-10 16:12:29.604183,9854.524237881087,79345.12239135834
2025-11-10 16:13:29.604183,9853.02448775615,78951.58901937418
2025-11-10 16:14:29.604183,9853.02448775615,79191.25003456182
2025-11-10 16:15:29.604183,9853.02448775615,78974.20898211868
2025-11-10 16:16:29.604183,9853.02448775615,78975.35572553643
2025-11-10 16:17:29.604183,9853.02448775615,78856.95251582212
2025-11-10 16:18:29.604183,9853.02448775615,78711.17986117968
2025-11-10 16:19:29.604183,9853.02448775615,78952.28328122206
2025-11-10 16:20:29.604183,9853.02448775615,78937.02809485473
2025-11-10 16:21:29.604183,9853.02448775615,79050.3725706045
2025-11-10 16:22:29.604183,9851.524737631213,79101.73402982141
2025-11-10 16:23:29.604183,9851.524737631213,79236.07634166673
2025-11-10 16:24:29.604183,9851.524737631213,79307.27832050977
2025-11-10 16:25:29.604183,9851.524737631213,79162.91308161416
2025-11-10 16:26:29.604183,9851.524737631213,79379.73121833985
2025-11-10 16:27:29.604183,9851.524737631213,79360.6430437718
2025-11-10 16:28:29.604183,9851.524737631213,79172.92160816617
2025-11-10 16:29:29.604183,9851.524737631213,79164.38724955762
2025-11-10 16:30:29.604183,9851.524737631213,79461.30523162257
2025-11-10 16:31:29.604183,9851.524737631213,79656.00686432331
2025-11-10 16:32:29.604183,9851.524737631213,79660.24591218261
2025-11-10 16:33:29.604183,9851.524737631213,79664.44406399335
2025-11-10 16:34:29.604183,9851.524737631213,79673.09888463112
2025-11-10 16:35:29.604183,9851.524737631213,80063.98322991321
2025-11-10 16:36:29.604183,9850.024987506276,80185.45404809526
2025-11-10 16:37:29.604183,9850.024987506276,80314.8797155885
2025-11-10 16:38:29.604183,9850.024987506276,80540.98679636428
2025-11-10 16:39:29.604183,9850.024987506276,80640.29093381454
2025-11-10 16:40:29.604183,9850.024987506276,80659.483026292
2025-11-10 16:41:29.604183,9850.024987506276,80688.8491953609
2025-11-10 16:42:29.604183,9848.525237381338,80738.4137690836
2025-11-10 16:43:29.604183,9848.525237381338,80793.61631159399
2025-11-10 16:44:29.604183,9848.525237381338,80972.50302542638
2025-11-10 16:45:29.604183,9848.525237381338,81042.41849172908
2025-11-10 16:46:29.604183,9848.525237381338,81222.7808519501
2025-11-10 16:47:29.604183,9848.525237381338,81271.4748789153
2025-11-10 16:48:29.604183,9848.525237381338,81346.15608308993
2025-11-10 16:49:29.604183,9848.525237381338,81083.07721177452
2025-11-10 16:50:29.604183,9848.525237381338,81293.54335779884
2025-11-10 16:51:29.604183,9848.525237381338,81411.96380554096
2025-11-10 16:52:29.604183,9848.525237381338,81636.69664329747
2025-11-10 16:53:29.604183,9847.025487256402,81226.27663351268
2025-11-10 16:54:29.604183,9847.025487256402,81627.74229808795
2025-11-10 16:55:29.604183,9847.025487256402,81667.52155888497
2025-11-10 16:56:29.604183,9847.025487256402,81911.18192417677
2025-11-10 16:57:29.604183,9847.025487256402,81803.72121254413
2025-11-10 16:58:29.604183,9847.025487256402,81966.8490486069
2025-11-10 16:59:29.604183,9847.025487256402,81857.21454366155
2025-11-10 17:00:29.604183,9847.025487256402,81818.12291303373
2025-11-10 17:01:29.604183,9847.025487256402,82194.38292471353
2025-11-10 17:02:29.604183,9845.525737131464,82226.43907965916
2025-11-10 17:03:29.604183,9845.525737131464,82325.68060943604
2025-11-10 17:04:29.604183,9845.525737131464,82532.55634476934
2025-11-10 17:05:29.604183,9845.525737131464,82678.21124975044
2025-11-10 17:06:29.604183,9845.525737131464,82767.08921272792
2025-11-10 17:07:29.604183,9845.525737131464,82891.63428522363
2025-11-10 17:08:29.604183,9845.525737131464,83354.36603606764
2025-11-10 17:09:29.604183,9844.025987006527,83409.46293038261
2025-11-10 17:10:29.604183,9844.025987006527,83507.8132398046
2025-11-10 17:11:29.604183,9844.025987006527,83748.22656741235
2025-11-10 17:12:29.604183,9842.52623688159,83998.58101540005
2025-11-10 17:13:29.604183,9842.52623688159,84263.43474167454
2025-11-10 17:14:29.604183,9842.52623688159,84436.77883162179
2025-11-10 17:15:29.604183,9842.52623688159,84309.65024596319
2025-11-10 17:16:29.604183,9842.52623688159,84650.93242624012
2025-11-10 17:17:29.604183,9841.026486756653,84523.03351238038
2025-11-10 17:18:29.604183,9841.026486756653,84640.33109334123
2025-11-10 17:19:29.604183,9841.026486756653,84578.93562658325
2025-11-10 17:20:29.604183,9841.026486756653,84634.3856613299
2025-11-10 17:21:29.604183,9841.026486756653,84756.43669226886
2025-11-10 17:22:29.604183,9839.526736631715,84877.46735636865
2025-11-10 17:23:29.604183,9839.526736631715,85015.800990683
2025-11-10 17:24:29.604183,9839.526736631715,85357.06121194539
2025-11-10 17:25:29.604183,9839.526736631715,85501.69200307441
2025-11-10 17:26:29.604183,9839.526736631715,85527.31976589629
2025-11-10 17:27:29.604183,9839.526736631715,85759.6903537639
2025-11-10 17:28:29.604183,9838.026986506778,86031.40947742463
2025-11-10 17:29:29.604183,9838.026986506778,85888.15998892323
2025-11-10 17:30:29.604183,9838.026986506778,86058.70184721275
2025-11-10 17:31:29.604183,9838.026986506778,86247.50322551501
2025-11-10 17:32:29.604183,9836.52723638184,86264.50172958305
2025-11-10 17:33:29.604183,9836.52723638184,86570.2511916704
2025-11-10 17:34:29.604183,9836.52723638184,86612.97322082793
2025-11-10 17:35:29.604183,9836.52723638184,86703.52314389692
2025-11-10 17:36:29.604183,9836.52723638184,86742.44026968851
2025-11-10 17:37:29.604183,9836.52723638184,86814.1632171798
2025-11-10 17:38:29.604183,9836.52723638184,86692.9564256583
2025-11-10 17:39:29.604183,9836.52723638184,86512.37322379622
2025-11-10 17:40:29.604183,9836.52723638184,86857.27957333137
2025-11-10 17:41:29.604183,9836.52723638184,86779.50308891523
2025-11-10 17:42:29.604183,9836.52723638184,86676.78925397532
2025-11-10 17:43:29.604183,9836.52723638184,86372.82075645287
2025-11-10 17:44:29.604183,9836.52723638184,86331.58917429764
2025-11-10 17:45:29.604183,9836.52723638184,86172.31354614592
2025-11-10 17:46:29.604183,9836.52723638184,86524.41156115284
2025-11-10 17:47:29.604183,9836.52723638184,86768.60723626109
2025-11-10 17:48:29.604183,9836.52723638184,86718.89185769328
2025-11-10 17:49:29.604183,9836.52723638184,87179.27397237226
2025-11-10 17:50:29.604183,9835.027486256904,87420.60856227664
2025-11-10 17:51:29.604183,9835.027486256904,87434.22499203756
2025-11-10 17:52:29.604183,9833.527736131966,87067.63986036734
2025-11-10 17:53:29.604183,9833.527736131966,87536.82085339264
2025-11-10 17:54:29.604183,9833.527736131966,87364.22978029774
2025-11-10 17:55:29.604183,9833.527736131966,87147.33957452982
2025-11-10 17:56:29.604183,9833.527736131966,87396.06121288269
2025-11-10 17:57:29.604183,9833.527736131966,87893.2656907701
2025-11-10 17:58:29.604183,9833.527736131966,88207.82079578793
2025-11-10 17:59:29.604183,9833.527736131966,88378.83795002472
2025-11-10 18:00:29.604183,9832.02798600703,88555.70021852157
2025-11-10 18:01:29.604183,9832.02798600703,88778.78981101634
2025-11-10 18:02:29.604183,9830.528235882091,88985.72622825582
2025-11-10 18:03:29.604183,9830.528235882091,89108.18325939678
2025-11-10 18:04:29.604183,9830.528235882091,89199.32816079372
2025-11-10 18:05:29.604183,9830.528235882091,89260.87241054278
2025-11-10 18:06:29.604183,9830.528235882091,89199.09631381831
2025-11-10 18:07:29.604183,9830.528235882091,89221.85895178767
2025-11-10 18:08:29.604183,9830.528235882091,88992.67659727979
2025-11-10 18:09:29.604183,9830.528235882091,89047.96328549978
2025-11-10 18:10:29.604183,9830.528235882091,88944.79604012896
2025-11-10 18:11:29.604183,9830.528235882091,88821.3531454779
2025-11-10 18:12:29.604183,9830.528235882091,88926.14477340119
2025-11-10 18:13:29.604183,9830.528235882091,89246.69803892169
2025-11-10 18:14:29.604183,9830.528235882091,89483.91906127858
2025-11-10 18:15:29.604183,9830.528235882091,89276.41457518714
2025-11-10 18:16:29.604183,9830.528235882091,89173.16973473469
2025-11-10 18:17:29.604183,9830.528235882091,89414.38591518132
2025-11-10 18:18:29.604183,9830.528235882091,89312.38275927927
2025-11-10 18:19:29.604183,9830.528235882091,89345.92956983166
2025-11-10 18:20:29.604183,9830.528235882091,89517.98101726906
2025-11-10 18:21:29.604183,9830.528235882091,89418.57840099947
2025-11-10 18:22:29.604183,9830.528235882091,89511.3693278653
2025-11-10 18:23:29.604183,9830.528235882091,89346.63323982777
2025-11-10 18:24:29.604183,9830.528235882091,89313.18344490802
2025-11-10 18:25:29.604183,9830.528235882091,89444.34984164077
2025-11-10 18:26:29.604183,9830.528235882091,89233.59707621449
2025-11-10 18:27:29.604183,9830.528235882091,89386.31031919504
2025-11-10 18:28:29.604183,9830.528235882091,89457.09150663261
2025-11-10 18:29:29.604183,9830.528235882091,89630.35267837821
2025-11-10 18:30:29.604183,9830.528235882091,89745.11097690779
2025-11-10 18:31:29.604183,9829.028485757155,90064.73804355678
2025-11-10 18:32:29.604183,9827.528735632217,90162.40077299927
2025-11-10 18:33:29.604183,9827.528735632217,90160.21850785492
2025-11-10 18:34:29.604183,9827.528735632217,90257.582284328
2025-11-10 18:35:29.604183,9827.528735632217,90431.1109053493
2025-11-10 18:36:29.604183,9827.528735632217,90515.61084659457
2025-11-10 18:37:29.604183,9827.528735632217,90598.75581259429
2025-11-10 18:38:29.604183,9827.528735632217,90547.485852177
2025-11-10 18:39:29.604183,9827.528735632217,90503.38697132978
2025-11-10 18:40:29.604183,9827.528735632217,90325.48096215214
2025-11-10 18:41:29.604183,9827.528735632217,90717.4321524859
2025-11-10 18:42:29.604183,9827.528735632217,90568.03281024178
2025-11-10 18:43:29.604183,9827.528735632217,90518.74081793608
2025-11-10 18:44:29.604183,9827.528735632217,90464.92172677624
2025-11-10 18:45:29.604183,9827.528735632217,90703.09734249323
2025-11-10 18:46:29.604183,9827.528735632217,90726.11253335809
2025-11-10 18:47:29.604183,9827.528735632217,91029.12146297787
2025-11-10 18:48:29.604183,9826.02898550728,90983.42939757403
2025-11-10 18:49:29.604183,9826.02898550728,91111.14415878964
2025-11-10 18:50:29.604183,9826.02898550728,91036.04370441545
2025-11-10 18:51:29.604183,9826.02898550728,91503.7335779191
2025-11-10 18:52:29.604183,9824.529235382342,91363.9720692786
2025-11-10 18:53:29.604183,9824.529235382342,91498.10784068673
2025-11-10 18:54:29.604183,9824.529235382342,91691.78688096337
2025-11-10 18:55:29.604183,9824.529235382342,91845.5992992571
2025-11-10 18:56:29.604183,9824.529235382342,91889.68659860801
2025-11-10 18:57:29.604183,9824.529235382342,91944.0526001522
2025-11-10 18:58:29.604183,9824.529235382342,92030.44355249238
2025-11-10 18:59:29.604183,9824.529235382342,92081.85833529179
2025-11-10 19:00:29.604183,9824.529235382342,92337.94982778389
2025-11-10 19:01:29.604183,9824.529235382342,92825.04279276995
2025-11-10 19:02:29.604183,9823.029485257406,92800.88755196994
2025-11-10 19:03:29.604183,9823.029485257406,92626.03668712307
2025-11-10 19:04:29.604183,9823.029485257406,92688.98404558921
2025-11-10 19:05:29.604183,9823.029485257406,93246.6254163025
2025-11-10 19:06:29.604183,9823.029485257406,93176.70824078185
2025-11-10 19:07:29.604183,9823.029485257406,93562.1307590018
2025-11-10 19:08:29.604183,9823.029485257406,93956.43258830174
2025-11-10 19:09:29.604183,9823.029485257406,93933.17350955322
2025-11-10 19:10:29.604183,9823.029485257406,94120.87883865635
2025-11-10 19:11:29.604183,9823.029485257406,94508.45053141996
2025-11-10 19:12:29.604183,9821.529735132468,94518.22781230221
2025-11-10 19:13:29.604183,9821.529735132468,94561.25664263194
2025-11-10 19:14:29.604183,9821.529735132468,94532.86344772231
2025-11-10 19:15:29.604183,9821.529735132468,94422.66467757174
2025-11-10 19:16:29.604183,9821.529735132468,94381.67902228325
2025-11-10 19:17:29.604183,9821.529735132468,94232.30148075825
2025-11-10 19:18:29.604183,9821.529735132468,94320.31878683782
2025-11-10 19:19:29.604183,9821.529735132468,94256.80608246628
2025-11-10 19:20:29.604183,9821.529735132468,94382.6239091649
2025-11-10 19:21:29.604183,9821.529735132468,94170.84558885306
2025-11-10 19:22:29.604183,9821.529735132468,94314.96646422597
2025-11-10 19:23:29.604183,9821.529735132468,94554.18804309367
2025-11-10 19:24:29.604183,9821.529735132468,94259.42267655762
2025-11-10 19:25:29.604183,9821.529735132468,94412.01517559099
2025-11-10 19:26:29.604183,9821.529735132468,94726.10284747515
2025-11-10 19:27:29.604183,9821.529735132468,94579.54748899209
2025-11-10 19:28:29.604183,9821.529735132468,94978.48147863593
2025-11-10 19:29:29.604183,9821.529735132468,95141.0429717524
2025-11-10 19:30:29.604183,9821.529735132468,95090.06587723106
2025-11-10 19:31:29.604183,9821.529735132468,95162.6552542547
2025-11-10 19:32:29.604183,9821.529735132468,95352.24418530705
2025-11-10 19:33:29.604183,9821.529735132468,95450.2962110996
2025-11-10 19:34:29.604183,9821.529735132468,95636.8547600128
2025-11-10 19:35:29.604183,9820.029985007532,95544.69388948569
2025-11-10 19:36:29.604183,9820.029985007532,95660.982236197
2025-11-10 19:37:29.604183,9820.029985007532,95474.60151564256
2025-11-10 19:38:29.604183,9820.029985007532,95537.35940588338
2025-11-10 19:39:29.604183,9820.029985007532,95448.76352995157
2025-11-10 19:40:29.604183,9820.029985007532,95392.45902901473
2025-11-10 19:41:29.604183,9820.029985007532,95712.40998744484
2025-11-10 19:42:29.604183,9818.530234882594,96005.78551996443
2025-11-10 19:43:29.604183,9818.530234882594,96207.54441443093
2025-11-10 19:44:29.604183,9818.530234882594,96082.40934490094
2025-11-10 19:45:29.604183,9818.530234882594,96106.6053181179
2025-11-10 19:46:29.604183,9818.530234882594,96424.86545928572
2025-11-10 19:47:29.604183,9818.530234882594,96537.63104112403
2025-11-10 19:48:29.604183,9818.530234882594,97071.03871360703
2025-11-10 19:49:29.604183,9817.030484757657,97233.54121394956
2025-11-10 19:50:29.604183,9817.030484757657,97357.24318171055
2025-11-10 19:51:29.604183,9817.030484757657,97383.58598252061
2025-11-10 19:52:29.604183,9815.530734632719,97496.21870952578
2025-11-10 19:53:29.604183,9815.530734632719,97553.27952744835
2025-11-10 19:54:29.604183,9815.530734632719,97778.34604578369
2025-11-10 19:55:29.604183,9815.530734632719,98052.61391694148
2025-11-10 19:56:29.604183,9815.530734632719,97985.9682797652
2025-11-10 19:57:29.604183,9815.530734632719,97812.5836110048
2025-11-10 19:58:29.604183,9815.530734632719,97540.7884023502
2025-11-10 19:59:29.604183,9815.530734632719,97727.12581275128
2025-11-10 20:00:29.604183,9815.530734632719,97598.94034783146
2025-11-10 20:01:29.604183,9815.530734632719,97266.12598576432
2025-11-10 20:02:29.604183,9815.530734632719,97428.9118465713
2025-11-10 20:03:29.604183,9815.530734632719,98002.10073313134
2025-11-10 20:04:29.604183,9815.530734632719,98088.90157626453
2025-11-10 20:05:29.604183,9815.530734632719,98341.5317200572
2025-11-10 20:06:29.604183,9815.530734632719,98446.05837331602
2025-11-10 20:07:29.604183,9814.030984507783,98515.18239142813
2025-11-10 20:08:29.604183,9814.030984507783,98784.99364506388
2025-11-10 20:09:29.604183,9814.030984507783,98816.68103322719
2025-11-10 20:10:29.604183,9814.030984507783,98958.66083228834
2025-11-10 20:11:29.604183,9814.030984507783,99111.66139451435
2025-11-10 20:12:29.604183,9812.531234382845,99068.76826945116
2025-11-10 20:13:29.604183,9812.531234382845,99354.89717700756
2025-11-10 20:14:29.604183,9812.531234382845,99410.02677358044
2025-11-10 20:15:29.604183,9812.531234382845,99349.78425804617
2025-11-10 20:16:29.604183,9812.531234382845,99546.41780187235
2025-11-10 20:17:29.604183,9812.531234382845,99457.81589691776
2025-11-10 20:18:29.604183,9812.531234382845,99553.6869675289
2025-11-10 20:19:29.604183,9812.531234382845,99642.2928986494
2025-11-10 20:20:29.604183,9812.531234382845,99949.26645949986
2025-11-10 20:21:29.604183,9812.531234382845,100135.07773816085
2025-11-10 20:22:29.604183,9811.031484257908,100221.22399513551
2025-11-10 20:23:29.604183,9811.031484257908,100476.44555398783
2025-11-10 20:24:29.604183,9811.031484257908,100847.4206033905
2025-11-10 20:25:29.604183,9811.031484257908,101051.94520371435
2025-11-10 20:26:29.604183,9811.031484257908,101146.31148761118
2025-11-10 20:27:29.604183,9811.031484257908,100973.3671327855
2025-11-10 20:28:29.604183,9811.031484257908,100850.61347198344
2025-11-10 20:29:29.604183,9811.031484257908,100881.3496623509
2025-11-10 20:30:29.604183,9811.031484257908,100850.77145842066
2025-11-10 20:31:29.604183,9811.031484257908,100905.4997583036
2025-11-10 20:32:29.604183,9809.53173413297,101009.49332284431
2025-11-10 20:33:29.604183,9809.53173413297,101209.22789079495
2025-11-10 20:34:29.604183,9809.53173413297,101287.93790057185
2025-11-10 20:35:29.604183,9809.53173413297,101479.61435881817
2025-11-10 20:36:29.604183,9809.53173413297,101586.06974404144
2025-11-10 20:37:29.604183,9809.53173413297,101278.2482257274
2025-11-10 20:38:29.604183,9809.53173413297,101181.30493543441
2025-11-10 20:39:29.604183,9809.53173413297,101245.45318065616
2025-11-10 20:40:29.604183,9809.53173413297,101093.93668847764
2025-11-10 20:41:29.604183,9809.53173413297,101308.60111922305
2025-11-10 20:42:29.604183,9809.53173413297,101712.39234399001
2025-11-10 20:43:29.604183,9809.53173413297,102054.39737297382
2025-11-10 20:44:29.604183,9808.031984008034,102105.29772474371
2025-11-10 20:45:29.604183,9808.031984008034,102504.30378698061
2025-11-10 20:46:29.604183,9808.031984008034,102629.80673293525
2025-11-10 20:47:29.604183,9808.031984008034,102655.82909991796
2025-11-10 20:48:29.604183,9808.031984008034,102625.19836501981
2025-11-10 20:49:29.604183,9808.031984008034,102658.46720372757
2025-11-10 20:50:29.604183,9808.031984008034,102674.22104199723
2025-11-10 20:51:29.604183,9808.031984008034,102804.7548596339
2025-11-10 20:52:29.604183,9806.532233883096,102933.5024134903
2025-11-10 20:53:29.604183,9806.532233883096,103030.05292615686
2025-11-10 20:54:29.604183,9806.532233883096,103216.17346280323
2025-11-10 20:55:29.604183,9806.532233883096,103558.29168105028
2025-11-10 20:56:29.604183,9806.532233883096,103851.68166262847
2025-11-10 20:57:29.604183,9805.03248375816,103640.33112399759
2025-11-10 20:58:29.604183,9805.03248375816,103207.89490144716
2025-11-10 20:59:29.604183,9805.03248375816,103497.36275878974
2025-11-10 21:00:29.604183,9805.03248375816,103311.3784370719
2025-11-10 21:01:29.604183,9805.03248375816,103361.7867202508
2025-11-10 21:02:29.604183,9803.532733633221,103216.86578881828
2025-11-10 21:03:29.604183,9803.532733633221,102941.78102790438
2025-11-10 21:04:29.604183,9803.532733633221,103149.97736283643
2025-11-10 21:05:29.604183,9803.532733633221,103403.57638853832
2025-11-10 21:06:29.604183,9803.532733633221,103381.64556546316
2025-11-10 21:07:29.604183,9803.532733633221,102943.25999242983
2025-11-10 21:08:29.604183,9803.532733633221,102927.80122541198
2025-11-10 21:09:29.604183,9803.532733633221,103105.51883667051
2025-11-10 21:10:29.604183,9803.532733633221,102897.8527504904
2025-11-10 21:11:29.604183,9803.532733633221,103032.76476733411
2025-11-10 21:12:29.604183,9803.532733633221,103126.98627989907
2025-11-10 21:13:29.604183,9803.532733633221,103344.0045122579
2025-11-10 21:14:29.604183,9803.532733633221,103466.53447127138
2025-11-10 21:15:29.604183,9803.532733633221,103363.17633493809
2025-11-10 21:16:29.604183,9803.532733633221,103708.51513361456
2025-11-10 21:17:29.604183,9803.532733633221,103774.00874655081
2025-11-10 21:18:29.604183,9803.532733633221,103866.85133068402
2025-11-10 21:19:29.604183,9803.532733633221,103771.65002174054
2025-11-10 21:20:29.604183,9803.532733633221,103778.30133603679
2025-11-10 21:21:29.604183,9803.532733633221,103693.38470772422
2025-11-10 21:22:29.604183,9803.532733633221,103756.23927358753
2025-11-10 21:23:29.604183,9803.532733633221,104210.29337707313
2025-11-10 21:24:29.604183,9803.532733633221,104023.71918642517
2025-11-10 21:25:29.604183,9803.532733633221,103787.27452308897
2025-11-10 21:26:29.604183,9803.532733633221,104191.75121703537
2025-11-10 21:27:29.604183,9803.532733633221,104247.68940473707
2025-11-10 21:28:29.604183,9803.532733633221,104207.87451418384
2025-11-10 21:29:29.604183,9803.532733633221,104524.3250571608
2025-11-10 21:30:29.604183,9802.032983508285,104497.81542762548
2025-11-10 21:31:29.604183,9802.032983508285,104979.58419367598
2025-11-10 21:32:29.604183,9800.533233383347,105222.59629413924
2025-11-10 21:33:29.604183,9800.533233383347,105220.89920263666
2025-11-10 21:34:29.604183,9800.533233383347,105775.94003365973
2025-11-10 21:35:29.604183,9800.533233383347,105749.45947557967
2025-11-10 21:36:29.604183,9800.533233383347,106008.11945529954
2025-11-10 21:37:29.604183,9800.533233383347,106173.60439496036
2025-11-10 21:38:29.604183,9799.03348325841,106552.28863460975
2025-11-10 21:39:29.604183,9799.03348325841,106987.75571130424
2025-11-10 21:40:29.604183,9799.03348325841,107097.79978831556
2025-11-10 21:41:29.604183,9799.03348325841,107039.79753782276
2025-11-10 21:42:29.604183,9797.533733133472,107241.66312787194
2025-11-10 21:43:29.604183,9797.533733133472,107199.96893796546
2025-11-10 21:44:29.604183,9797.533733133472,107735.3376883465
2025-11-10 21:45:29.604183,9797.533733133472,107869.04844890353
2025-11-10 21:46:29.604183,9797.533733133472,107894.73047081765
2025-11-10 21:47:29.604183,9797.533733133472,108039.17819048262
2025-11-10 21:48:29.604183,9797.533733133472,107852.90412233697
2025-11-10 21:49:29.604183,9797.533733133472,107748.02633923822
2025-11-10 21:50:29.604183,9797.533733133472,108111.38886665484
2025-11-10 21:51:29.604183,9796.033983008536,108074.45956877871
2025-11-10 21:52:29.604183,9794.534232883598,107953.31630033125
2025-11-10 21:53:29.604183,9794.534232883598,108174.28575755065
2025-11-10 21:54:29.604183,9794.534232883598,108536.20403369883
2025-11-10 21:55:29.604183,9794.534232883598,108798.08987344723
2025-11-10 21:56:29.604183,9794.534232883598,109120.97789891633
2025-11-10 21:57:29.604183,9794.534232883598,109062.35617855699
2025-11-10 21:58:29.604183,9794.534232883598,108858.78540950091
2025-11-10 21:59:29.604183,9794.534232883598,109292.09014539584
2025-11-10 22:00:29.604183,9793.034482758661,109328.49507660672
2025-11-10 22:01:29.604183,9793.034482758661,109380.69791947414
2025-11-10 22:02:29.604183,9791.534732633723,109778.4318852984
2025-11-10 22:03:29.604183,9791.534732633723,110008.19836958502
2025-11-10 22:04:29.604183,9791.534732633723,110216.44526577218
2025-11-10 22:05:29.604183,9791.534732633723,110801.90803386334
2025-11-10 22:06:29.604183,9790.034982508787,110768.17886530672
2025-11-10 22:07:29.604183,9790.034982508787,111082.649947459
2025-11-10 22:08:29.604183,9790.034982508787,111204.62346566207
2025-11-10 22:09:29.604183,9790.034982508787,111373.8653554232
2025-11-10 22:10:29.604183,9790.034982508787,111824.07676332007
2025-11-10 22:11:29.604183,9790.034982508787,112047.92317779546
2025-11-10 22:12:29.604183,9788.535232383849,112279.12157891315
2025-11-10 22:13:29.604183,9788.535232383849,112630.83659959002
2025-11-10 22:14:29.604183,9788.535232383849,112659.92698007208
2025-11-10 22:15:29.604183,9788.535232383849,112582.24366050528
2025-11-10 22:16:29.604183,9788.535232383849,112458.39843097799
2025-11-10 22:17:29.604183,9788.535232383849,112127.49609850244
2025-11-10 22:18:29.604183,9788.535232383849,112699.72534291528
2025-11-10 22:19:29.604183,9788.535232383849,112562.82269160394
2025-11-10 22:20:29.604183,9788.535232383849,112624.71519706045
2025-11-10 22:21:29.604183,9788.535232383849,112674.20521454065
2025-11-10 22:22:29.604183,9788.535232383849,112855.44832730194
2025-11-10 22:23:29.604183,9788.535232383849,113151.7971428914
2025-11-10 22:24:29.604183,9788.535232383849,113459.12675753931
2025-11-10 22:25:29.604183,9787.035482258912,113439.80189538703
2025-11-10 22:26:29.604183,9787.035482258912,113514.93102714914
2025-11-10 22:27:29.604183,9787.035482258912,113692.28450697823
2025-11-10 22:28:29.604183,9787.035482258912,113749.19124341464
2025-11-10 22:29:29.604183,9787.035482258912,114228.45085852407
2025-11-10 22:30:29.604183,9787.035482258912,114454.76654521615
2025-11-10 22:31:29.604183,9787.035482258912,114737.44184264455
